GlobalRank,TldRank,Domain,TLD,RefSubNets,RefIPs,IDN_Domain,IDN_TLD,PrevGlobalRank,PrevTldRank,PrevRefSubNets,PrevRefIPs
1484,1,independent.ie,ie,21248,37875,independent.ie,ie,1476,1,21234,37822
2243,2,rte.ie,ie,16370,27160,rte.ie,ie,2250,2,16329,27120
2852,3,tcd.ie,ie,14052,20329,tcd.ie,ie,2863,3,14001,20246
3738,4,google.ie,ie,11877,18547,google.ie,ie,3713,4,11896,18627
4097,5,ucd.ie,ie,11208,15759,ucd.ie,ie,4087,5,11213,15764
4391,6,thejournal.ie,ie,10728,18328,thejournal.ie,ie,4390,6,10730,18297
4583,7,ucc.ie,ie,10448,14622,ucc.ie,ie,4562,7,10483,14663
5919,8,blogspot.ie,ie,8824,14274,blogspot.ie,ie,5898,8,8829,14251
7689,9,dcu.ie,ie,7432,10053,dcu.ie,ie,7665,9,7449,10070
7848,10,iol.ie,ie,7341,9737,iol.ie,ie,7836,10,7346,9771
8170,11,nuigalway.ie,ie,7157,9573,nuigalway.ie,ie,8154,11,7163,9580
9145,12,ul.ie,ie,6631,8700,ul.ie,ie,9087,12,6657,8684
9919,13,irishmirror.ie,ie,6284,10858,irishmirror.ie,ie,9918,13,6286,10825
10081,14,greenplanet.ie,ie,6218,8790,greenplanet.ie,ie,10022,14,6241,8806
10810,15,ebay.ie,ie,5927,9189,ebay.ie,ie,10717,15,5955,9164
11005,16,maps.ie,ie,5861,8547,maps.ie,ie,11034,16,5845,8533
11290,17,breakingnews.ie,ie,5748,9153,breakingnews.ie,ie,11308,17,5739,9105
12325,18,akeo.ie,ie,5429,7515,akeo.ie,ie,12274,18,5443,7516
13723,19,eventbrite.ie,ie,5079,7501,eventbrite.ie,ie,13611,19,5102,7527
16118,20,url.ie,ie,4587,5933,url.ie,ie,16162,20,4576,5921
16883,21,thesun.ie,ie,4471,7287,thesun.ie,ie,16955,21,4456,7245
18256,22,irishstatutebook.ie,ie,4264,5661,irishstatutebook.ie,ie,18198,22,4267,5697
18505,23,joe.ie,ie,4234,6761,joe.ie,ie,18577,23,4217,6747
18987,24,modern.ie,ie,4191,5160,modern.ie,ie,19041,24,4174,5141
19768,25,dit.ie,ie,4103,5348,dit.ie,ie,19633,25,4115,5355
20969,26,dataprotection.ie,ie,3955,5538,dataprotection.ie,ie,21080,26,3944,5506
22078,27,dfa.ie,ie,3824,5041,dfa.ie,ie,22119,27,3821,5043
27726,28,heidi.ie,ie,3373,4178,heidi.ie,ie,27753,28,3375,4180
27932,29,hse.ie,ie,3358,5320,hse.ie,ie,27947,29,3361,5314
28415,30,herald.ie,ie,3328,4831,herald.ie,ie,28734,30,3312,4807
30025,31,citizensinformation.ie,ie,3230,4522,citizensinformation.ie,ie,30073,31,3229,4526
30869,32,entertainment.ie,ie,3184,4706,entertainment.ie,ie,30636,32,3199,4699
32215,33,revenue.ie,ie,3114,4431,revenue.ie,ie,32593,33,3098,4391
34061,34,irishrail.ie,ie,3023,4202,irishrail.ie,ie,34562,34,3002,4184
34687,35,heanet.ie,ie,2995,3456,heanet.ie,ie,34656,35,2998,3453
34888,36,tripadvisor.ie,ie,2985,4972,tripadvisor.ie,ie,35042,36,2979,4955
35264,37,cso.ie,ie,2969,3836,cso.ie,ie,35368,37,2966,3843
36760,38,energygroup.ie,ie,2903,3757,energygroup.ie,ie,37197,40,2885,3750
36927,39,anpost.ie,ie,2896,3983,anpost.ie,ie,36812,38,2902,3987
36929,40,oireachtas.ie,ie,2896,3968,oireachtas.ie,ie,37006,39,2893,3961
38206,41,boards.ie,ie,2841,3914,boards.ie,ie,38056,41,2849,3910
38264,42,her.ie,ie,2839,4724,her.ie,ie,38258,42,2841,4716
38585,43,indigo.ie,ie,2825,3585,indigo.ie,ie,38588,43,2827,3596
39004,44,ticketmaster.ie,ie,2808,3865,ticketmaster.ie,ie,39219,44,2798,3837
39735,45,pinterest.ie,ie,2775,4810,pinterest.ie,ie,40031,46,2763,4806
40127,46,maynoothuniversity.ie,ie,2760,3577,maynoothuniversity.ie,ie,39433,45,2789,3587
40428,47,tv3.ie,ie,2748,3817,tv3.ie,ie,40368,47,2751,3816
43419,48,irishtechnews.ie,ie,2627,3602,irishtechnews.ie,ie,43158,48,2636,3606
44037,49,discoverireland.ie,ie,2604,3755,discoverireland.ie,ie,44330,49,2593,3761
47574,50,centralbank.ie,ie,2484,3148,centralbank.ie,ie,47281,50,2493,3153
50180,51,nuim.ie,ie,2404,2868,nuim.ie,ie,50183,51,2403,2869
50671,52,museum.ie,ie,2389,3141,museum.ie,ie,50594,52,2390,3146
51286,53,tinet.ie,ie,2372,2995,tinet.ie,ie,51433,53,2367,2990
52610,54,nli.ie,ie,2336,2927,nli.ie,ie,51619,54,2362,2940
52725,55,dublincity.ie,ie,2332,3311,dublincity.ie,ie,52467,55,2338,3313
52763,56,dailyedge.ie,ie,2331,3501,dailyedge.ie,ie,53144,56,2319,3471
56730,57,virginmediatelevision.ie,ie,2230,3031,virginmediatelevision.ie,ie,56204,58,2243,3037
57231,58,buseireann.ie,ie,2219,3082,buseireann.ie,ie,56707,59,2232,3087
57894,59,inis.gov.ie,ie,2204,2623,inis.gov.ie,ie,58741,60,2189,2612
59084,60,eir.ie,ie,2178,2642,eir.ie,ie,53778,57,2303,2811
59711,61,welfare.ie,ie,2164,2991,welfare.ie,ie,59479,61,2173,2991
59818,62,gaa.ie,ie,2162,3011,gaa.ie,ie,59529,62,2172,3011
60494,63,met.ie,ie,2149,2904,met.ie,ie,60049,63,2162,2914
60614,64,rufus.ie,ie,2147,2788,rufus.ie,ie,60975,68,2144,2774
60764,65,the42.ie,ie,2144,3035,the42.ie,ie,60956,66,2144,3039
61006,66,heritageireland.ie,ie,2140,2820,heritageireland.ie,ie,61317,70,2137,2811
61023,67,sarkar.ie,ie,2140,2690,sarkar.ie,ie,60648,65,2151,2695
61271,68,dublinbus.ie,ie,2135,2822,dublinbus.ie,ie,60966,67,2144,2833
61455,69,daft.ie,ie,2132,2875,daft.ie,ie,62434,71,2115,2863
61471,70,fai.ie,ie,2132,2729,fai.ie,ie,60981,69,2144,2747
61526,71,munsterriders.ie,ie,2131,2596,munsterriders.ie,ie,60493,64,2154,2636
62591,72,www.gov.ie,ie,2111,2629,www.gov.ie,ie,62507,72,2114,2627
65956,73,nationalgallery.ie,ie,2049,2593,nationalgallery.ie,ie,65165,73,2063,2588
68480,74,insolvencyadvice.ie,ie,2009,2516,insolvencyadvice.ie,ie,67842,74,2019,2517
69439,75,nationalarchives.ie,ie,1994,2598,nationalarchives.ie,ie,68289,75,2011,2600
71248,76,ocaoimh.ie,ie,1966,2339,ocaoimh.ie,ie,70472,76,1978,2349
71513,77,bradburys.ie,ie,1962,2459,bradburys.ie,ie,71389,77,1964,2465
73047,78,agriland.ie,ie,1939,2905,agriland.ie,ie,74094,81,1924,2879
73257,79,hpracing.ie,ie,1936,2453,hpracing.ie,ie,73241,79,1937,2450
73442,80,balls.ie,ie,1933,2992,balls.ie,ie,74027,80,1925,2987
73601,81,teagasc.ie,ie,1931,2522,teagasc.ie,ie,73151,78,1938,2523
75686,82,limerickleader.ie,ie,1901,2743,limerickleader.ie,ie,74854,82,1913,2749
75697,83,epa.ie,ie,1901,2465,epa.ie,ie,75880,83,1899,2463
76053,84,buzz.ie,ie,1896,3060,buzz.ie,ie,76073,85,1896,3052
76406,85,agriculture.gov.ie,ie,1891,2445,agriculture.gov.ie,ie,76617,86,1889,2451
76451,86,ijee.ie,ie,1891,2191,ijee.ie,ie,76061,84,1897,2204
77193,87,education.ie,ie,1880,2586,education.ie,ie,76805,87,1886,2589
79795,88,campus.ie,ie,1845,2142,campus.ie,ie,80001,88,1843,2147
82368,89,cavanarts.ie,ie,1813,2252,cavanarts.ie,ie,81918,89,1819,2248
84319,90,dublinlive.ie,ie,1789,2776,dublinlive.ie,ie,84951,90,1783,2767
85182,91,businesspost.ie,ie,1779,2303,businesspost.ie,ie,84973,91,1783,2305
86581,92,rcsi.ie,ie,1763,2142,rcsi.ie,ie,85841,92,1773,2155
86613,93,adverts.ie,ie,1762,2837,adverts.ie,ie,87013,93,1759,2844
86806,94,extra.ie,ie,1760,3067,extra.ie,ie,87798,94,1750,3044
87461,95,fsai.ie,ie,1753,2166,fsai.ie,ie,87930,95,1749,2147
88256,96,cliffsofmoher.ie,ie,1744,2217,cliffsofmoher.ie,ie,88174,96,1746,2218
88752,97,irlgov.ie,ie,1739,1989,irlgov.ie,ie,88879,97,1739,1988
89607,98,virtualadmin.ie,ie,1729,2157,virtualadmin.ie,ie,89679,99,1730,2156
89779,99,aib.ie,ie,1727,2221,aib.ie,ie,91128,103,1714,2212
89860,100,garda.ie,ie,1726,2318,garda.ie,ie,89653,98,1730,2331
90250,101,indymedia.ie,ie,1722,2177,indymedia.ie,ie,90513,100,1721,2177
90507,102,hsa.ie,ie,1719,2459,hsa.ie,ie,91099,102,1714,2460
90703,103,cit.ie,ie,1717,2236,cit.ie,ie,90963,101,1716,2237
93312,104,examiner.ie,ie,1690,2016,examiner.ie,ie,93188,105,1693,2015
94292,105,donedeal.ie,ie,1679,2694,donedeal.ie,ie,92157,104,1703,2708
94714,106,housing.gov.ie,ie,1675,2300,housing.gov.ie,ie,94177,106,1682,2302
95886,107,evoke.ie,ie,1663,3104,evoke.ie,ie,97899,109,1644,3097
96094,108,bioe.ie,ie,1662,1866,bioe.ie,ie,95688,107,1667,1868
98136,109,stepasidemedical.ie,ie,1641,2015,stepasidemedical.ie,ie,96667,108,1657,2033
99095,110,broadsheet.ie,ie,1631,2519,broadsheet.ie,ie,98305,110,1640,2525
99520,111,stcolumbas.ie,ie,1628,1860,stcolumbas.ie,ie,99429,111,1630,1872
100603,112,dataprint.ie,ie,1617,2007,dataprint.ie,ie,100015,112,1624,2004
101511,113,techcentral.ie,ie,1608,2078,techcentral.ie,ie,101790,113,1607,2083
101806,114,uccsu.ie,ie,1606,1848,uccsu.ie,ie,101859,114,1607,1855
102053,115,sacredspace.ie,ie,1603,2039,sacredspace.ie,ie,102037,116,1605,2037
102985,116,sinnfein.ie,ie,1595,1919,sinnfein.ie,ie,101967,115,1606,1921
103100,117,collegeroad.ie,ie,1594,1834,collegeroad.ie,ie,103114,117,1595,1840
103346,118,seai.ie,ie,1591,2178,seai.ie,ie,104244,119,1584,2174
103985,119,wit.ie,ie,1586,1894,wit.ie,ie,105179,120,1576,1885
104244,120,environ.ie,ie,1583,2067,environ.ie,ie,103582,118,1590,2069
105546,121,scoilnet.ie,ie,1571,2171,scoilnet.ie,ie,106011,121,1568,2163
108242,122,tesco.ie,ie,1547,2374,tesco.ie,ie,108578,124,1545,2366
108527,123,justice.ie,ie,1545,1968,justice.ie,ie,107039,122,1559,1976
108864,124,naasschoolofmotoring.ie,ie,1542,1910,naasschoolofmotoring.ie,ie,109241,126,1540,1911
108943,125,advertiser.ie,ie,1541,2211,advertiser.ie,ie,109083,125,1541,2207
108948,126,failteireland.ie,ie,1541,2138,failteireland.ie,ie,108036,123,1550,2131
109964,127,itsligo.ie,ie,1532,2190,itsligo.ie,ie,110079,128,1532,2191
110315,128,kildarecountyshow.ie,ie,1529,1906,kildarecountyshow.ie,ie,110218,129,1531,1905
111132,129,sfi.ie,ie,1522,1893,sfi.ie,ie,111743,131,1517,1887
111566,130,feach.ie,ie,1518,1864,feach.ie,ie,110025,127,1533,1873
111899,131,ria.ie,ie,1515,1853,ria.ie,ie,110872,130,1525,1864
113479,132,jobs.ie,ie,1501,2050,jobs.ie,ie,113846,135,1498,2045
113623,133,vodafone.ie,ie,1500,1851,vodafone.ie,ie,113769,134,1499,1845
113712,134,farmersjournal.ie,ie,1499,2051,farmersjournal.ie,ie,114182,136,1495,2056
113729,135,comhaltas.ie,ie,1499,1948,comhaltas.ie,ie,113521,133,1501,1950
114989,136,irishjobs.ie,ie,1488,2015,irishjobs.ie,ie,112294,132,1512,2040
117530,137,newstalk.ie,ie,1467,1825,newstalk.ie,ie,117932,138,1464,1822
117675,138,stpatricksfestival.ie,ie,1466,1788,stpatricksfestival.ie,ie,119714,140,1450,1762
118008,139,sportsjoe.ie,ie,1463,2159,sportsjoe.ie,ie,117163,137,1470,2161
119473,140,jenningsopticians.ie,ie,1451,1770,jenningsopticians.ie,ie,119710,139,1450,1772
119959,141,irishrugby.ie,ie,1447,1817,irishrugby.ie,ie,121052,142,1439,1804
120259,142,three.ie,ie,1445,1761,three.ie,ie,119959,141,1448,1764
120480,143,finfacts.ie,ie,1443,1855,finfacts.ie,ie,121651,144,1434,1845
121949,144,bordbia.ie,ie,1431,1913,bordbia.ie,ie,121385,143,1436,1912
122555,145,askaboutireland.ie,ie,1426,1959,askaboutireland.ie,ie,122235,145,1429,1962
124218,146,dublinzoo.ie,ie,1413,1783,dublinzoo.ie,ie,126680,150,1394,1764
124578,147,theaa.ie,ie,1410,1988,theaa.ie,ie,123964,146,1415,1982
124641,148,carpetclever.ie,ie,1410,1681,carpetclever.ie,ie,125094,148,1407,1683
126025,149,fire-safety.ie,ie,1399,1703,fire-safety.ie,ie,124675,147,1410,1714
126069,150,mmaireland.ie,ie,1399,1612,mmaireland.ie,ie,125602,149,1403,1612
126284,151,dublincastle.ie,ie,1397,1707,dublincastle.ie,ie,126836,152,1393,1703
126819,152,munster-express.ie,ie,1393,1719,munster-express.ie,ie,128600,153,1380,1695
127887,153,health-safety.ie,ie,1385,1703,health-safety.ie,ie,126693,151,1394,1718
129242,154,imma.ie,ie,1375,1720,imma.ie,ie,131573,156,1358,1703
129459,155,itaca.ie,ie,1374,1526,itaca.ie,ie,129638,154,1373,1525
130086,156,goldenpages.ie,ie,1369,1698,goldenpages.ie,ie,130762,155,1364,1694
132549,157,rasset.ie,ie,1350,2359,rasset.ie,ie,133961,159,1340,2348
132867,158,shannonairport.ie,ie,1348,1721,shannonairport.ie,ie,132511,158,1351,1709
133039,159,thermopoint.ie,ie,1347,1628,thermopoint.ie,ie,132268,157,1353,1635
133681,160,cancer.ie,ie,1342,1852,cancer.ie,ie,133985,160,1340,1860
134061,161,tcm.ie,ie,1340,1556,tcm.ie,ie,134078,161,1340,1554
134657,162,image.ie,ie,1335,2005,image.ie,ie,136130,162,1325,2001
135592,163,dias.ie,ie,1329,1512,dias.ie,ie,139173,165,1305,1501
135906,164,limerick.ie,ie,1326,1782,limerick.ie,ie,136875,163,1320,1777
136929,165,esb.ie,ie,1319,1662,esb.ie,ie,137592,164,1315,1653
139398,166,rsa.ie,ie,1302,1766,rsa.ie,ie,141265,168,1291,1773
140110,167,jamesjoyce.ie,ie,1298,1513,jamesjoyce.ie,ie,140870,167,1294,1503
141148,168,luas.ie,ie,1291,1597,luas.ie,ie,143577,170,1276,1599
141495,169,health.gov.ie,ie,1289,1622,health.gov.ie,ie,139544,166,1302,1624
141645,170,ifi.ie,ie,1288,1639,ifi.ie,ie,141721,169,1288,1635
142600,171,blarneycastle.ie,ie,1282,1548,blarneycastle.ie,ie,146097,176,1260,1522
144520,172,kwopticians.ie,ie,1270,1503,kwopticians.ie,ie,143955,171,1274,1503
145335,173,eirsport.ie,ie,1265,1493,eirsport.ie,ie,144275,172,1272,1502
146264,174,taoiseach.gov.ie,ie,1259,1500,taoiseach.gov.ie,ie,144903,174,1268,1509
146404,175,stpatrickscathedral.ie,ie,1258,1523,stpatrickscathedral.ie,ie,148469,180,1245,1510
146538,176,cro.ie,ie,1257,1610,cro.ie,ie,145884,175,1261,1612
147047,177,tg4.ie,ie,1254,1564,tg4.ie,ie,144862,173,1268,1579
149145,178,esri.ie,ie,1241,1495,esri.ie,ie,147203,177,1253,1495
149533,179,dbs.ie,ie,1239,1407,dbs.ie,ie,148227,179,1247,1416
149699,180,ait.ie,ie,1238,1430,ait.ie,ie,150175,181,1235,1422
151052,181,yelp.ie,ie,1229,1595,yelp.ie,ie,150572,182,1232,1595
151202,182,limerickpost.ie,ie,1228,1759,limerickpost.ie,ie,153887,189,1212,1754
151519,183,selectsolutions.ie,ie,1227,1404,selectsolutions.ie,ie,148204,178,1247,1441
152369,184,weddingsonline.ie,ie,1221,2185,weddingsonline.ie,ie,153704,187,1213,2179
152757,185,crokepark.ie,ie,1219,1544,crokepark.ie,ie,151073,183,1229,1544
153071,186,myhome.ie,ie,1217,1654,myhome.ie,ie,154379,191,1209,1654
153408,187,airbnb.ie,ie,1215,1717,airbnb.ie,ie,154213,190,1210,1689
153483,188,marine.ie,ie,1215,1465,marine.ie,ie,152631,185,1220,1465
153659,189,emrc.ie,ie,1214,1451,emrc.ie,ie,151776,184,1225,1456
153963,190,accord.ie,ie,1212,1533,accord.ie,ie,155421,193,1203,1532
154926,191,finance.gov.ie,ie,1206,1460,finance.gov.ie,ie,152792,186,1219,1468
155126,192,hpra.ie,ie,1205,1407,hpra.ie,ie,155316,192,1204,1403
155135,193,businessworld.ie,ie,1205,1397,businessworld.ie,ie,156661,200,1196,1386
155309,194,sbpost.ie,ie,1204,1376,sbpost.ie,ie,156009,195,1200,1375
155632,195,griffith.ie,ie,1202,1415,griffith.ie,ie,153838,188,1213,1421
155682,196,netrootstech.ie,ie,1202,1327,netrootstech.ie,ie,156025,196,1200,1327
155914,197,electricpicnic.ie,ie,1200,1478,electricpicnic.ie,ie,156092,197,1199,1471
156629,198,iftn.ie,ie,1196,1496,iftn.ie,ie,155607,194,1202,1493
157062,199,unison.ie,ie,1194,1374,unison.ie,ie,156509,199,1197,1374
157947,200,itcarlow.ie,ie,1189,1392,itcarlow.ie,ie,156497,198,1197,1391
158194,201,mytown.ie,ie,1187,1648,mytown.ie,ie,157661,201,1190,1642
159082,202,iep.ie,ie,1182,1534,iep.ie,ie,160487,205,1175,1536
159846,203,andersonandleahyfuneraldirectors.ie,ie,1178,1380,andersonandleahyfuneraldirectors.ie,ie,159311,203,1182,1378
159867,204,wgpa.ie,ie,1178,1344,wgpa.ie,ie,161361,207,1171,1343
160131,205,dkit.ie,ie,1176,1471,dkit.ie,ie,159585,204,1180,1496
160234,206,cuttherope.ie,ie,1176,1313,cuttherope.ie,ie,161002,206,1173,1310
162329,207,politics.ie,ie,1165,1367,politics.ie,ie,163726,210,1158,1363
162850,208,studynotes.ie,ie,1162,1421,studynotes.ie,ie,158675,202,1185,1445
162946,209,ind.ie,ie,1162,1289,ind.ie,ie,162997,209,1162,1287
163025,210,courts.ie,ie,1161,1457,courts.ie,ie,161769,208,1168,1461
163784,211,afloat.ie,ie,1157,1573,afloat.ie,ie,164394,211,1154,1572
168579,212,kildare.ie,ie,1133,1464,kildare.ie,ie,168203,212,1135,1467
169797,213,ccpc.ie,ie,1127,1452,ccpc.ie,ie,171194,214,1120,1447
169824,214,mayo-ireland.ie,ie,1127,1410,mayo-ireland.ie,ie,169583,213,1128,1406
170166,215,engineersjournal.ie,ie,1125,1689,engineersjournal.ie,ie,172982,217,1111,1679
171026,216,geograph.ie,ie,1121,1487,geograph.ie,ie,173647,218,1108,1473
171569,217,ise.ie,ie,1119,1279,ise.ie,ie,171485,215,1119,1277
172459,218,localenterprise.ie,ie,1114,1615,localenterprise.ie,ie,171956,216,1116,1614
174786,219,nch.ie,ie,1103,1353,nch.ie,ie,174565,219,1104,1350
177800,220,linux.ie,ie,1090,1217,linux.ie,ie,176733,220,1095,1222
178635,221,aircoach.ie,ie,1086,1299,aircoach.ie,ie,178960,223,1085,1295
179024,222,connachttribune.ie,ie,1084,1438,connachttribune.ie,ie,184430,230,1062,1422
179735,223,eveningecho.ie,ie,1081,1347,eveningecho.ie,ie,178007,222,1089,1343
180232,224,mayonews.ie,ie,1079,1329,mayonews.ie,ie,180141,224,1080,1328
180233,225,abbeytheatre.ie,ie,1079,1328,abbeytheatre.ie,ie,181116,226,1076,1319
180505,226,fora.ie,ie,1078,1295,fora.ie,ie,180884,225,1077,1305
180711,227,president.ie,ie,1077,1333,president.ie,ie,177758,221,1090,1337
182676,228,lawsociety.ie,ie,1069,1332,lawsociety.ie,ie,185188,233,1059,1331
182740,229,cbl.ie,ie,1069,1252,cbl.ie,ie,184785,232,1061,1244
184609,230,clarelibrary.ie,ie,1061,1323,clarelibrary.ie,ie,184488,231,1062,1320
184812,231,webwise.ie,ie,1060,1430,webwise.ie,ie,182255,227,1071,1445
186242,232,cnnmon.ie,ie,1055,1202,cnnmon.ie,ie,182886,228,1069,1207
186295,233,beaut.ie,ie,1054,1664,beaut.ie,ie,186083,235,1055,1655
186304,234,rsvplive.ie,ie,1054,1565,rsvplive.ie,ie,186583,236,1053,1557
187190,235,hea.ie,ie,1051,1242,hea.ie,ie,186740,237,1053,1240
187368,236,gmit.ie,ie,1050,1317,gmit.ie,ie,185454,234,1058,1321
187580,237,artscouncil.ie,ie,1049,1396,artscouncil.ie,ie,190598,241,1037,1390
187802,238,frosted.ie,ie,1048,1460,frosted.ie,ie,188061,238,1047,1461
188143,239,dublin.ie,ie,1047,1305,dublin.ie,ie,183498,229,1066,1325
190355,240,supervalu.ie,ie,1038,1621,supervalu.ie,ie,190324,240,1038,1624
190958,241,qqi.ie,ie,1036,1306,qqi.ie,ie,191152,242,1035,1307
192035,242,amnesty.ie,ie,1032,1265,amnesty.ie,ie,188907,239,1044,1273
193507,243,navanplumber.ie,ie,1026,1424,navanplumber.ie,ie,193758,245,1025,1427
193908,244,imt.ie,ie,1025,1231,imt.ie,ie,195397,247,1019,1232
194474,245,lit.ie,ie,1023,1251,lit.ie,ie,192212,243,1031,1247
195030,246,ireland.ie,ie,1021,1235,ireland.ie,ie,193867,246,1025,1236
195393,247,skynet.ie,ie,1020,1156,skynet.ie,ie,192582,244,1030,1171
209663,248,dublinwomensclinic.ie,ie,982,1149,dublinwomensclinic.ie,ie,205399,248,994,1161
210664,249,esatclear.ie,ie,979,1123,esatclear.ie,ie,209618,251,982,1126
212924,250,aerlingus.ie,ie,972,1108,aerlingus.ie,ie,211821,252,975,1110
214302,251,carzone.ie,ie,967,1420,carzone.ie,ie,207200,249,989,1431
214320,252,propertycrowdfunders.ie,ie,967,1335,propertycrowdfunders.ie,ie,214505,254,966,1336
215061,253,catholicbishops.ie,ie,965,1231,catholicbishops.ie,ie,217828,258,956,1229
215089,254,corkcity.ie,ie,965,1208,corkcity.ie,ie,207961,250,987,1213
216155,255,iaa.ie,ie,962,1149,iaa.ie,ie,213685,253,969,1151
216689,256,mab.ie,ie,960,1268,mab.ie,ie,217152,256,958,1264
218320,257,universitytimes.ie,ie,955,1309,universitytimes.ie,ie,216496,255,960,1308
219437,258,osi.ie,ie,952,1203,osi.ie,ie,220255,260,949,1193
221366,259,gettyimages.ie,ie,946,1320,gettyimages.ie,ie,220162,259,949,1325
221384,260,dlrcoco.ie,ie,946,1246,dlrcoco.ie,ie,217792,257,956,1246
224439,261,nua.ie,ie,938,1038,nua.ie,ie,223214,261,941,1032
224681,262,dromoland.ie,ie,937,1114,dromoland.ie,ie,227839,264,928,1101
225478,263,voltairediamonds.ie,ie,935,1071,voltairediamonds.ie,ie,227920,265,928,1065
226358,264,hostingireland.ie,ie,932,1227,hostingireland.ie,ie,224745,262,936,1236
228490,265,pix.ie,ie,927,1039,pix.ie,ie,228710,266,926,1040
228561,266,bonusbond.ie,ie,926,1300,bonusbond.ie,ie,229570,268,923,1289
228610,267,baanthai.ie,ie,926,1197,baanthai.ie,ie,225842,263,933,1201
230242,268,irishgenealogy.ie,ie,922,1126,irishgenealogy.ie,ie,230103,269,922,1124
231678,269,gcn.ie,ie,918,1187,gcn.ie,ie,236976,278,904,1177
231984,270,littlewoodsireland.ie,ie,917,1808,littlewoodsireland.ie,ie,229118,267,924,1824
232823,271,tipperarylive.ie,ie,915,1193,tipperarylive.ie,ie,235446,276,908,1189
233741,272,giaf.ie,ie,913,1103,giaf.ie,ie,236283,277,906,1100
234099,273,merrionstreet.ie,ie,912,1132,merrionstreet.ie,ie,233554,273,913,1124
234529,274,prfireprotection.ie,ie,911,1116,prfireprotection.ie,ie,230494,270,921,1118
234572,275,military.ie,ie,911,1087,military.ie,ie,230535,272,921,1087
236120,276,irishjudoassociation.ie,ie,907,1097,irishjudoassociation.ie,ie,237521,280,903,1093
236345,277,thefashionhorn.ie,ie,906,1269,thefashionhorn.ie,ie,234581,275,910,1289
236712,278,may.ie,ie,906,989,may.ie,ie,238949,282,900,981
237025,279,ncad.ie,ie,905,1049,ncad.ie,ie,234070,274,912,1048
240112,280,phoenixpark.ie,ie,897,1084,phoenixpark.ie,ie,230524,271,921,1091
240439,281,drugs.ie,ie,896,1120,drugs.ie,ie,239937,284,897,1118
240629,282,deri.ie,ie,896,1003,deri.ie,ie,240925,285,895,1007
240864,283,rds.ie,ie,895,1086,rds.ie,ie,242377,286,891,1082
241165,284,kilkennypeople.ie,ie,894,1152,kilkennypeople.ie,ie,237853,281,902,1152
241663,285,dingle-peninsula.ie,ie,893,1100,dingle-peninsula.ie,ie,237503,279,903,1105
242081,286,finegael.ie,ie,892,1073,finegael.ie,ie,239172,283,899,1075
244180,287,hughlane.ie,ie,887,1064,hughlane.ie,ie,242419,287,891,1055
246715,288,djei.ie,ie,881,1054,djei.ie,ie,246631,290,881,1056
246960,289,echolive.ie,ie,880,1170,echolive.ie,ie,251079,292,870,1159
247921,290,southernstar.ie,ie,878,1076,southernstar.ie,ie,253350,296,865,1060
247924,291,nsai.ie,ie,878,1075,nsai.ie,ie,246601,289,881,1070
248461,292,ovh.ie,ie,877,1008,ovh.ie,ie,244563,288,886,1014
250053,293,fas.ie,ie,873,1034,fas.ie,ie,248327,291,877,1034
251979,294,pieta.ie,ie,868,1164,pieta.ie,ie,253218,295,865,1158
252061,295,argos.ie,ie,868,1100,argos.ie,ie,254613,298,862,1093
253355,296,dccae.gov.ie,ie,865,1091,dccae.gov.ie,ie,251183,293,870,1091
255074,297,charteredaccountants.ie,ie,861,1077,charteredaccountants.ie,ie,252454,294,867,1080
255850,298,leinsterleader.ie,ie,859,1150,leinsterleader.ie,ie,259735,302,850,1144
256427,299,botanicgardens.ie,ie,858,1036,botanicgardens.ie,ie,253814,297,864,1034
257690,300,lasports.ie,ie,855,1046,lasports.ie,ie,256375,299,858,1045
259316,301,longfordleader.ie,ie,851,1181,longfordleader.ie,ie,259720,301,850,1178
260544,302,xmusic.ie,ie,848,1250,xmusic.ie,ie,263180,305,842,1248
261237,303,ncirl.ie,ie,847,995,ncirl.ie,ie,259486,300,851,992
263003,304,clancysofathy.ie,ie,843,985,clancysofathy.ie,ie,262531,304,844,985
264056,305,gamestop.ie,ie,840,1162,gamestop.ie,ie,266860,312,834,1157
264343,306,robertcussen.ie,ie,840,957,robertcussen.ie,ie,261292,303,847,964
264563,307,donegaldemocrat.ie,ie,839,1059,donegaldemocrat.ie,ie,265580,309,837,1046
265351,308,goss.ie,ie,837,1186,goss.ie,ie,272627,315,821,1180
265462,309,riai.ie,ie,837,1047,riai.ie,ie,263294,307,842,1051
266450,310,spooool.ie,ie,835,992,spooool.ie,ie,263823,308,841,994
266526,311,tututoys.ie,ie,835,960,tututoys.ie,ie,266165,311,836,959
267146,312,rip.ie,ie,833,1139,rip.ie,ie,265952,310,836,1136
269960,313,birdwatchireland.ie,ie,827,1062,birdwatchireland.ie,ie,263257,306,842,1079
272714,314,carsireland.ie,ie,821,1044,carsireland.ie,ie,274505,318,817,1036
273917,315,shamrockrovers.ie,ie,818,1496,shamrockrovers.ie,ie,271674,313,823,1529
274074,316,visitwicklow.ie,ie,818,1037,visitwicklow.ie,ie,272300,314,822,1036
274729,317,universaldesign.ie,ie,817,924,universaldesign.ie,ie,277012,322,812,921
275921,318,engineersireland.ie,ie,814,1020,engineersireland.ie,ie,283271,333,798,1003
276314,319,aware.ie,ie,813,1099,aware.ie,ie,280879,326,803,1090
276909,320,ibec.ie,ie,812,958,ibec.ie,ie,278327,323,809,951
277088,321,silmaril.ie,ie,812,889,silmaril.ie,ie,281713,328,802,882
278065,322,vanguide.ie,ie,809,1136,vanguide.ie,ie,276279,320,813,1138
278215,323,cork-guide.ie,ie,809,992,cork-guide.ie,ie,273659,316,819,997
278604,324,writing.ie,ie,808,1044,writing.ie,ie,275402,319,815,1046
279160,325,dbei.gov.ie,ie,807,978,dbei.gov.ie,ie,274120,317,818,983
279197,326,davidhunt.ie,ie,807,953,davidhunt.ie,ie,278335,324,809,946
280668,327,blogs.ie,ie,804,909,blogs.ie,ie,276601,321,813,907
280894,328,leitrimobserver.ie,ie,803,1048,leitrimobserver.ie,ie,281379,327,802,1044
280926,329,galwaytourism.ie,ie,803,1013,galwaytourism.ie,ie,282801,332,799,1010
281755,330,leinsterexpress.ie,ie,801,1147,leinsterexpress.ie,ie,284094,334,796,1138
281894,331,gumtree.ie,ie,801,994,gumtree.ie,ie,281915,329,801,997
282030,332,ursulines.ie,ie,801,922,ursulines.ie,ie,280674,325,804,926
282520,333,fatbuddha.ie,ie,800,917,fatbuddha.ie,ie,282086,330,801,920
283808,334,research.ie,ie,797,955,research.ie,ie,284717,336,795,963
284190,335,coillte.ie,ie,796,1018,coillte.ie,ie,289736,340,784,1011
285388,336,maximummedia.ie,ie,793,2051,maximummedia.ie,ie,286352,338,791,2055
285562,337,cao.ie,ie,793,970,cao.ie,ie,284698,335,795,974
287273,338,crohn.ie,ie,789,1127,crohn.ie,ie,290110,341,783,1121
287329,339,lidl.ie,ie,789,1032,lidl.ie,ie,282350,331,800,1024
289219,340,meath.ie,ie,785,978,meath.ie,ie,286069,337,792,976
289571,341,boots.ie,ie,784,1148,boots.ie,ie,292871,346,777,1151
290947,342,lovin.ie,ie,781,1113,lovin.ie,ie,300948,356,760,1102
291827,343,harveynorman.ie,ie,779,1296,harveynorman.ie,ie,296566,349,769,1291
292348,344,bretzel.ie,ie,778,1049,bretzel.ie,ie,287405,339,789,1066
292481,345,imj.ie,ie,778,931,imj.ie,ie,291654,343,780,928
293875,346,virginmedia.ie,ie,775,940,virginmedia.ie,ie,291629,342,780,941
294173,347,mummypages.ie,ie,774,1345,mummypages.ie,ie,300409,355,761,1341
294251,348,radiokerry.ie,ie,774,1035,radiokerry.ie,ie,299021,353,764,1029
294736,349,irishheart.ie,ie,773,1028,irishheart.ie,ie,291979,345,779,1042
295254,350,fm104.ie,ie,772,989,fm104.ie,ie,294380,348,774,988
295308,351,castlebar.ie,ie,772,937,castlebar.ie,ie,297691,351,767,925
295516,352,harmon.ie,ie,772,859,harmon.ie,ie,298372,352,766,857
296343,353,carberyheatingservices.ie,ie,770,881,carberyheatingservices.ie,ie,307713,365,747,857
297186,354,transportforireland.ie,ie,768,932,transportforireland.ie,ie,297677,350,767,933
298715,355,clarechampion.ie,ie,765,902,clarechampion.ie,ie,303570,359,755,897
298718,356,iadt.ie,ie,765,900,iadt.ie,ie,293588,347,776,903
300243,357,publichealthwell.ie,ie,762,858,publichealthwell.ie,ie,299308,354,764,861
301085,358,meathchronicle.ie,ie,760,906,meathchronicle.ie,ie,301631,358,759,908
302554,359,opw.ie,ie,757,940,opw.ie,ie,301069,357,760,941
304147,360,littlemuseum.ie,ie,754,865,littlemuseum.ie,ie,310911,373,741,851
304404,361,careersportal.ie,ie,753,1020,careersportal.ie,ie,306944,362,748,1009
304921,362,vhi.ie,ie,752,969,vhi.ie,ie,308007,366,746,967
305031,363,ulsterbank.ie,ie,752,894,ulsterbank.ie,ie,305109,361,752,892
305214,364,romerogames.ie,ie,752,832,romerogames.ie,ie,291849,344,780,847
305715,365,boilerspares.ie,ie,751,847,boilerspares.ie,ie,309916,370,743,834
306252,366,ittralee.ie,ie,750,847,ittralee.ie,ie,308282,368,746,839
306754,367,waterford-today.ie,ie,749,851,waterford-today.ie,ie,308262,367,746,846
307545,368,spunout.ie,ie,747,968,spunout.ie,ie,303969,360,754,973
307835,369,futureticketing.ie,ie,747,830,futureticketing.ie,ie,307316,363,748,830
309011,370,debenhams.ie,ie,744,1096,debenhams.ie,ie,311310,374,740,1090
309094,371,scopas.ie,ie,744,973,scopas.ie,ie,314139,378,735,974
309182,372,expedia.ie,ie,744,902,expedia.ie,ie,307599,364,747,899
309379,373,clubi.ie,ie,744,829,clubi.ie,ie,309385,369,744,829
309833,374,gasboilerreplacement.ie,ie,743,844,gasboilerreplacement.ie,ie,323912,392,718,813
311193,375,heritagecouncil.ie,ie,740,951,heritagecouncil.ie,ie,310701,372,741,951
311314,376,labour.ie,ie,740,880,labour.ie,ie,311504,376,740,877
311329,377,kclub.ie,ie,740,876,kclub.ie,ie,314315,379,735,864
311696,378,currys.ie,ie,739,1009,currys.ie,ie,315758,380,732,1008
312766,379,ncca.ie,ie,737,1028,ncca.ie,ie,311335,375,740,1029
315160,380,buildingsofireland.ie,ie,733,977,buildingsofireland.ie,ie,313040,377,737,974
315865,381,barnardos.ie,ie,732,973,barnardos.ie,ie,310670,371,741,981
315869,382,offalyexpress.ie,ie,732,965,offalyexpress.ie,ie,317488,384,729,957
318329,383,worldmeeting2018.ie,ie,728,862,worldmeeting2018.ie,ie,322656,391,720,862
318342,384,comreg.ie,ie,728,860,comreg.ie,ie,316546,381,731,864
318889,385,dublinbikes.ie,ie,727,858,dublinbikes.ie,ie,324923,396,716,848
319325,386,dublindiocese.ie,ie,726,928,dublindiocese.ie,ie,321389,390,722,927
320870,387,how2trainyourdragon.ie,ie,724,786,how2trainyourdragon.ie,ie,320075,387,725,788
321533,388,dcya.gov.ie,ie,722,975,dcya.gov.ie,ie,316936,382,730,982
321552,389,benchwarmers.ie,ie,722,953,benchwarmers.ie,ie,320779,388,723,950
321727,390,killarneynationalpark.ie,ie,722,851,killarneynationalpark.ie,ie,320975,389,723,843
322210,391,cookingisfun.ie,ie,721,875,cookingisfun.ie,ie,317598,385,729,875
323528,392,monster.ie,ie,719,810,monster.ie,ie,317805,386,729,811
323590,393,pcengineers.ie,ie,719,797,pcengineers.ie,ie,317289,383,730,810
324985,394,dundalkdemocrat.ie,ie,716,915,dundalkdemocrat.ie,ie,327684,400,711,913
325603,395,tickets.ie,ie,715,888,tickets.ie,ie,324255,393,717,892
327381,396,gsi.ie,ie,712,870,gsi.ie,ie,324302,394,717,870
328084,397,tribune.ie,ie,711,831,tribune.ie,ie,324395,395,717,831
328550,398,iedr.ie,ie,710,859,iedr.ie,ie,456391,566,557,683
328703,399,interior-design.ie,ie,710,810,interior-design.ie,ie,327319,399,712,817
328783,400,eu2013.ie,ie,710,789,eu2013.ie,ie,328011,401,711,786
330141,401,thelinkmarketing.ie,ie,707,1046,thelinkmarketing.ie,ie,329957,404,707,1048
330692,402,herfamily.ie,ie,706,1196,herfamily.ie,ie,329301,402,708,1193
330700,403,woodies.ie,ie,706,1126,woodies.ie,ie,329312,403,708,1129
330911,404,irisharchaeology.ie,ie,706,881,irisharchaeology.ie,ie,335068,411,699,867
332168,405,dohc.ie,ie,704,849,dohc.ie,ie,334478,409,700,846
332848,406,crawfordartgallery.ie,ie,703,834,crawfordartgallery.ie,ie,327254,398,712,833
333176,407,equalit.ie,ie,702,1061,equalit.ie,ie,325857,397,714,1058
333509,408,bbplumbingheating.ie,ie,702,805,bbplumbingheating.ie,ie,344749,422,684,783
333851,409,aviva.ie,ie,701,923,aviva.ie,ie,333760,407,701,916
334501,410,rootsireland.ie,ie,700,869,rootsireland.ie,ie,331321,405,705,871
334576,411,seaweed.ie,ie,700,835,seaweed.ie,ie,339515,414,692,828
334650,412,fiannafail.ie,ie,700,812,fiannafail.ie,ie,337052,412,696,802
334912,413,ucg.ie,ie,700,748,ucg.ie,ie,334227,408,701,747
336560,414,smurfitschool.ie,ie,697,794,smurfitschool.ie,ie,334662,410,700,796
336799,415,dublintown.ie,ie,696,1118,dublintown.ie,ie,342420,420,687,1118
337003,416,ihrec.ie,ie,696,856,ihrec.ie,ie,338881,413,693,847
337886,417,leapcard.ie,ie,695,798,leapcard.ie,ie,342134,419,688,794
338353,418,greennews.ie,ie,694,891,greennews.ie,ie,341261,418,689,888
338623,419,it-tallaght.ie,ie,694,795,it-tallaght.ie,ie,332739,406,703,800
341222,420,donovan.ie,ie,690,777,donovan.ie,ie,339732,416,692,773
341245,421,patentsoffice.ie,ie,690,773,patentsoffice.ie,ie,343513,421,686,767
341697,422,cmc.ie,ie,689,812,cmc.ie,ie,339569,415,692,811
342245,423,mcd.ie,ie,688,841,mcd.ie,ie,345249,423,683,833
342806,424,movies.ie,ie,687,867,movies.ie,ie,340688,417,690,871
343509,425,fotawildlife.ie,ie,686,818,fotawildlife.ie,ie,355586,433,668,814
345460,426,muckross-house.ie,ie,683,821,muckross-house.ie,ie,345948,425,682,818
346241,427,cartoonsaloon.ie,ie,682,781,cartoonsaloon.ie,ie,350845,428,675,779
347257,428,thetaste.ie,ie,680,949,thetaste.ie,ie,359864,437,662,936
347596,429,dublinia.ie,ie,680,777,dublinia.ie,ie,349477,427,677,772
347989,430,corkcoco.ie,ie,679,871,corkcoco.ie,ie,345835,424,682,870
348031,431,npws.ie,ie,679,852,npws.ie,ie,346601,426,681,848
353963,432,stmarysrfc.ie,ie,671,726,stmarysrfc.ie,ie,357415,435,666,722
354378,433,galwaybayfm.ie,ie,670,789,galwaybayfm.ie,ie,354213,431,670,791
355238,434,lero.ie,ie,669,743,lero.ie,ie,353772,430,671,740
357052,435,thechurch.ie,ie,666,822,thechurch.ie,ie,365908,441,654,807
358508,436,dentalhealth.ie,ie,664,823,dentalhealth.ie,ie,365881,440,654,824
360841,437,kilmainhamgaolmuseum.ie,ie,661,785,kilmainhamgaolmuseum.ie,ie,355666,434,668,785
362311,438,citylink.ie,ie,659,778,citylink.ie,ie,354976,432,669,790
362910,439,dttas.ie,ie,658,835,dttas.ie,ie,359236,436,663,835
364333,440,totallydublin.ie,ie,656,944,totallydublin.ie,ie,364972,439,655,937
364736,441,medicalcouncil.ie,ie,656,745,medicalcouncil.ie,ie,366894,442,653,738
364962,442,tyndall.ie,ie,656,706,tyndall.ie,ie,360414,438,662,711
365162,443,chill.ie,ie,655,910,chill.ie,ie,353289,429,671,915
366387,444,legalize.ie,ie,654,737,legalize.ie,ie,367673,443,652,735
367858,445,phonetrader.ie,ie,652,738,phonetrader.ie,ie,370576,447,648,736
368464,446,munsterrugby.ie,ie,651,768,munsterrugby.ie,ie,369008,444,650,764
370898,447,meteor.ie,ie,648,733,meteor.ie,ie,371337,449,647,730
372233,448,universityobserver.ie,ie,646,780,universityobserver.ie,ie,374182,452,643,779
372999,449,aldi.ie,ie,645,767,aldi.ie,ie,369729,446,649,768
373016,450,aranislands.ie,ie,645,763,aranislands.ie,ie,378149,458,638,760
373739,451,obrien.ie,ie,644,768,obrien.ie,ie,369725,445,649,769
374579,452,con-telegraph.ie,ie,643,757,con-telegraph.ie,ie,371234,448,647,753
375100,453,schooldays.ie,ie,642,881,schooldays.ie,ie,377133,456,639,881
376171,454,aslan.ie,ie,641,751,aslan.ie,ie,377388,457,639,749
377532,455,culturenight.ie,ie,639,831,culturenight.ie,ie,374062,451,643,831
377657,456,bordgaisenergytheatre.ie,ie,639,781,bordgaisenergytheatre.ie,ie,372661,450,645,779
379164,457,goodfoodireland.ie,ie,637,892,goodfoodireland.ie,ie,378706,459,637,889
380099,458,arnotts.ie,ie,636,791,arnotts.ie,ie,375679,453,641,791
380157,459,ispca.ie,ie,636,766,ispca.ie,ie,379757,460,636,767
381688,460,glassdoor.ie,ie,634,801,glassdoor.ie,ie,383716,462,631,796
382461,461,focusireland.ie,ie,633,818,focusireland.ie,ie,376392,455,640,818
383178,462,tusla.ie,ie,632,870,tusla.ie,ie,376340,454,640,870
386429,463,stellar.ie,ie,628,1108,stellar.ie,ie,391276,467,622,1096
386986,464,theframes.ie,ie,628,709,theframes.ie,ie,386583,464,628,712
387445,465,biodiversityireland.ie,ie,627,804,biodiversityireland.ie,ie,392407,471,621,800
387653,466,canon.ie,ie,627,732,canon.ie,ie,382186,461,633,735
388417,467,hiqa.ie,ie,626,760,hiqa.ie,ie,393465,472,620,756
388489,468,leinsterrugby.ie,ie,626,738,leinsterrugby.ie,ie,389907,466,624,732
388775,469,nui.ie,ie,626,690,nui.ie,ie,388475,465,626,688
389503,470,rcpi.ie,ie,625,709,rcpi.ie,ie,391815,469,622,706
391730,471,svp.ie,ie,622,830,svp.ie,ie,391426,468,622,830
392174,472,budget.gov.ie,ie,622,699,budget.gov.ie,ie,396443,475,617,697
393207,473,hood.ie,ie,621,672,hood.ie,ie,385992,463,629,675
394060,474,payback.ie,ie,620,670,payback.ie,ie,392061,470,622,674
395254,475,coca-cola.ie,ie,618,856,coca-cola.ie,ie,402539,490,610,850
395507,476,knockshrine.ie,ie,618,737,knockshrine.ie,ie,409263,501,603,728
396198,477,activeme.ie,ie,617,805,activeme.ie,ie,401674,487,611,802
396601,478,christchurchcathedral.ie,ie,617,701,christchurchcathedral.ie,ie,398205,478,615,704
397458,479,irishaid.ie,ie,616,714,irishaid.ie,ie,401027,486,612,713
397578,480,davidmcwilliams.ie,ie,616,695,davidmcwilliams.ie,ie,404782,495,608,690
398032,481,sunway.ie,ie,615,827,sunway.ie,ie,400717,482,612,831
398855,482,did.ie,ie,614,928,did.ie,ie,399607,479,613,933
399152,483,dcenr.gov.ie,ie,614,739,dcenr.gov.ie,ie,396221,473,617,744
399210,484,kinsale.ie,ie,614,725,kinsale.ie,ie,396302,474,617,724
399230,485,glendalough.ie,ie,614,722,glendalough.ie,ie,405604,496,607,713
399402,486,gilroyenergy.ie,ie,614,694,gilroyenergy.ie,ie,397363,477,616,693
401142,487,aiawards.ie,ie,612,707,aiawards.ie,ie,400086,481,613,709
401882,488,camping-ireland.ie,ie,611,750,camping-ireland.ie,ie,397088,476,616,752
401960,489,irishfilmboard.ie,ie,611,728,irishfilmboard.ie,ie,400939,485,612,730
402771,490,fundit.ie,ie,610,751,fundit.ie,ie,399887,480,613,761
402832,491,crewlink.ie,ie,610,732,crewlink.ie,ie,403686,492,609,735
403059,492,impacdublinaward.ie,ie,610,690,impacdublinaward.ie,ie,403040,491,610,683
404465,493,examinations.ie,ie,608,814,examinations.ie,ie,400736,483,612,816
404536,494,fingal.ie,ie,608,768,fingal.ie,ie,401759,488,611,761
404727,495,poetryireland.ie,ie,608,719,poetryireland.ie,ie,411266,505,601,715
405092,496,gcd.ie,ie,608,665,gcd.ie,ie,402220,489,611,669
406044,497,lunasa.ie,ie,607,664,lunasa.ie,ie,406870,498,606,660
406690,498,hpsc.ie,ie,606,705,hpsc.ie,ie,404701,494,608,705
407380,499,hazelkaneswaran.ie,ie,605,769,hazelkaneswaran.ie,ie,400783,484,612,778
407735,500,entemp.ie,ie,605,689,entemp.ie,ie,410445,504,602,687
409285,501,lottery.ie,ie,603,838,lottery.ie,ie,406247,497,606,831
409429,502,skyscanner.ie,ie,603,753,skyscanner.ie,ie,410157,502,602,755
409520,503,imro.ie,ie,603,724,imro.ie,ie,412158,508,600,723
410141,504,thecostumeshop.ie,ie,602,1105,thecostumeshop.ie,ie,419459,513,592,1097
410467,505,thehappypear.ie,ie,602,727,thehappypear.ie,ie,408303,499,604,733
411208,506,centra.ie,ie,601,859,centra.ie,ie,404317,493,608,859
411236,507,groupon.ie,ie,601,833,groupon.ie,ie,415724,510,596,830
411494,508,adworld.ie,ie,601,722,adworld.ie,ie,410272,503,602,720
412378,509,nova.ie,ie,600,741,nova.ie,ie,409189,500,603,747
414007,510,huntoffice.ie,ie,598,1253,huntoffice.ie,ie,427264,521,584,1247
415775,511,freemesh.ie,ie,597,656,freemesh.ie,ie,426049,520,586,646
415830,512,ansanctoir.ie,ie,597,645,ansanctoir.ie,ie,418391,512,594,642
417835,513,drugsandalcohol.ie,ie,595,692,drugsandalcohol.ie,ie,418034,511,594,690
419681,514,just-eat.ie,ie,593,715,just-eat.ie,ie,415040,509,597,713
420604,515,athleticsireland.ie,ie,592,739,athleticsireland.ie,ie,412099,507,600,739
422344,516,thaireland.ie,ie,590,862,thaireland.ie,ie,424337,517,587,857
422363,517,emuink.ie,ie,590,846,emuink.ie,ie,429341,524,582,845
422606,518,stenaline.ie,ie,590,720,stenaline.ie,ie,419828,514,592,720
423736,519,igb.ie,ie,589,688,igb.ie,ie,435831,536,576,678
424276,520,holidayguru.ie,ie,588,1164,holidayguru.ie,ie,433301,528,578,1148
424750,521,rocheemmets.ie,ie,588,684,rocheemmets.ie,ie,422835,515,589,685
425411,522,halfords.ie,ie,587,791,halfords.ie,ie,429403,525,582,793
427721,523,aimwholesale.ie,ie,585,675,aimwholesale.ie,ie,425774,519,586,682
427849,524,avivastadium.ie,ie,585,658,avivastadium.ie,ie,424881,518,587,661
430609,525,ifpa.ie,ie,582,681,ifpa.ie,ie,422867,516,589,680
431892,526,theclarence.ie,ie,581,647,theclarence.ie,ie,435091,534,577,642
433498,527,tuiholidays.ie,ie,579,708,tuiholidays.ie,ie,427598,522,584,716
433660,528,dublintheatrefestival.ie,ie,579,675,dublintheatrefestival.ie,ie,428758,523,583,675
433850,529,travel.ie,ie,579,650,travel.ie,ie,434009,530,578,649
434514,530,pwc.ie,ie,578,704,pwc.ie,ie,430587,526,581,708
434555,531,drinkaware.ie,ie,578,694,drinkaware.ie,ie,433720,529,578,694
435975,532,altan.ie,ie,577,637,altan.ie,ie,434137,531,578,636
436108,533,lnk.ie,ie,577,618,lnk.ie,ie,442068,542,571,614
436456,534,wexfordpeople.ie,ie,576,722,wexfordpeople.ie,ie,445552,546,567,723
436639,535,itma.ie,ie,576,675,itma.ie,ie,440410,541,572,672
436824,536,beamsystems.ie,ie,576,650,beamsystems.ie,ie,435051,533,577,646
437270,537,sosueme.ie,ie,575,835,sosueme.ie,ie,452926,559,560,829
438606,538,graftonarchitects.ie,ie,574,690,graftonarchitects.ie,ie,434757,532,577,687
439505,539,sdcc.ie,ie,573,730,sdcc.ie,ie,435628,535,576,731
439524,540,avondhupress.ie,ie,573,725,avondhupress.ie,ie,437757,538,574,721
439568,541,mycharity.ie,ie,573,711,mycharity.ie,ie,432589,527,579,714
439925,542,hrb.ie,ie,573,651,hrb.ie,ie,438132,539,574,648
440711,543,ifa.ie,ie,572,685,ifa.ie,ie,444672,545,568,679
440754,544,ictu.ie,ie,572,677,ictu.ie,ie,442618,543,570,674
440828,545,kilkennycastle.ie,ie,572,666,kilkennycastle.ie,ie,445825,548,567,661
442621,546,water.ie,ie,570,735,water.ie,ie,438808,540,573,737
442858,547,rollercoaster.ie,ie,570,674,rollercoaster.ie,ie,435855,537,576,673
443542,548,agristoreandmore.ie,ie,569,849,agristoreandmore.ie,ie,448609,551,564,841
443717,549,theliberal.ie,ie,569,734,theliberal.ie,ie,457321,569,556,725
447078,550,golfnet.ie,ie,566,684,golfnet.ie,ie,443598,544,569,684
447158,551,lawreform.ie,ie,566,669,lawreform.ie,ie,446863,549,566,667
447890,552,pdst.ie,ie,565,754,pdst.ie,ie,457272,568,556,748
448210,553,ros.ie,ie,565,661,ros.ie,ie,452301,557,561,657
448341,554,theanswer.ie,ie,565,644,theanswer.ie,ie,457747,572,556,636
448358,555,killarney.ie,ie,565,642,killarney.ie,ie,454576,562,559,637
448588,556,hahnel.ie,ie,565,618,hahnel.ie,ie,452620,558,561,618
448793,557,homestoreandmore.ie,ie,564,1017,homestoreandmore.ie,ie,458180,573,555,1008
448898,558,passivehouseplus.ie,ie,564,814,passivehouseplus.ie,ie,447594,550,565,806
450131,559,weddingfairsonline.ie,ie,563,719,weddingfairsonline.ie,ie,459501,577,554,718
450249,560,per.gov.ie,ie,563,682,per.gov.ie,ie,445689,547,567,684
450274,561,irishcatholic.ie,ie,563,677,irishcatholic.ie,ie,448979,552,564,673
450332,562,villagemagazine.ie,ie,563,665,villagemagazine.ie,ie,450028,553,563,667
450356,563,budget.ie,ie,563,660,budget.ie,ie,457567,571,556,658
452057,564,elverys.ie,ie,561,772,elverys.ie,ie,450815,554,562,772
453089,565,mrs2be.ie,ie,560,756,mrs2be.ie,ie,455143,563,558,761
453454,566,fourcourtspress.ie,ie,560,654,fourcourtspress.ie,ie,456507,567,557,657
454389,567,perpetualdigital.ie,ie,559,688,perpetualdigital.ie,ie,457464,570,556,684
454413,568,gdprandyou.ie,ie,559,682,gdprandyou.ie,ie,455347,564,558,682
455663,569,greenparty.ie,ie,558,654,greenparty.ie,ie,451246,556,562,653
456605,570,permanenttsb.ie,ie,557,674,permanenttsb.ie,ie,451130,555,562,673
456715,571,worldheritageireland.ie,ie,557,653,worldheritageireland.ie,ie,459774,578,554,648
456761,572,promobility.ie,ie,557,647,promobility.ie,ie,455519,565,558,651
456777,573,mountjuliet.ie,ie,557,645,mountjuliet.ie,ie,468560,587,546,633
456991,574,hamilton.ie,ie,557,620,hamilton.ie,ie,460084,579,554,613
458523,575,mullingarmusicschool.ie,ie,555,768,mullingarmusicschool.ie,ie,458316,574,555,765
460768,576,visualartists.ie,ie,553,703,visualartists.ie,ie,461702,580,552,702
462027,577,hickeyengineering.ie,ie,552,654,hickeyengineering.ie,ie,458643,575,555,657
462031,578,projectartscentre.ie,ie,552,653,projectartscentre.ie,ie,454430,561,559,658
462623,579,houseandhome.ie,ie,551,966,houseandhome.ie,ie,463659,582,550,957
462671,580,skibbereeneagle.ie,ie,551,820,skibbereeneagle.ie,ie,480648,605,535,810
463047,581,nationaltransport.ie,ie,551,662,nationaltransport.ie,ie,453316,560,560,666
463279,582,powerscourt.ie,ie,551,628,powerscourt.ie,ie,465321,583,549,628
468415,583,fingalcoco.ie,ie,546,692,fingalcoco.ie,ie,466141,584,548,686
468607,584,corkoperahouse.ie,ie,546,647,corkoperahouse.ie,ie,461927,581,552,648
468669,585,jesuit.ie,ie,546,637,jesuit.ie,ie,470749,588,544,633
469502,586,lenus.ie,ie,545,704,lenus.ie,ie,471601,590,543,701
469762,587,publicjobs.ie,ie,545,650,publicjobs.ie,ie,475196,597,540,648
469876,588,etenders.gov.ie,ie,545,632,etenders.gov.ie,ie,481174,606,535,621
471773,589,heritageweek.ie,ie,543,717,heritageweek.ie,ie,459495,576,554,720
471910,590,westporthouse.ie,ie,543,675,westporthouse.ie,ie,467220,585,547,680
473203,591,transport.ie,ie,542,637,transport.ie,ie,473013,592,542,636
473323,592,itb.ie,ie,542,621,itb.ie,ie,472042,591,543,615
474446,593,fotaisland.ie,ie,541,626,fotaisland.ie,ie,475383,598,540,621
474481,594,lyit.ie,ie,541,622,lyit.ie,ie,476581,599,539,614
474616,595,medicines.ie,ie,541,608,medicines.ie,ie,482565,612,534,598
474726,596,komplett.ie,ie,541,599,komplett.ie,ie,476693,600,539,604
475521,597,omniplex.ie,ie,540,633,omniplex.ie,ie,468539,586,546,636
476054,598,playballbray.ie,ie,540,577,playballbray.ie,ie,479325,604,537,575
476714,599,ipcc.ie,ie,539,632,ipcc.ie,ie,473029,593,542,633
476782,600,clontarfcastle.ie,ie,539,623,clontarfcastle.ie,ie,477653,601,538,619
477004,601,irisheconomy.ie,ie,539,602,irisheconomy.ie,ie,471040,589,544,603
477184,602,mosaicnet.ie,ie,539,587,mosaicnet.ie,ie,473447,594,542,591
477542,603,diabetes.ie,ie,538,711,diabetes.ie,ie,481927,609,534,713
478975,604,thestar.ie,ie,537,633,thestar.ie,ie,482270,610,534,630
479429,605,iolfree.ie,ie,537,586,iolfree.ie,ie,479228,603,537,586
479936,606,menupages.ie,ie,536,684,menupages.ie,ie,475073,596,540,683
481469,607,logainm.ie,ie,535,627,logainm.ie,ie,482296,611,534,625
482271,608,idonate.ie,ie,534,742,idonate.ie,ie,483049,613,533,739
482718,609,sdlp.ie,ie,534,618,sdlp.ie,ie,478916,602,537,611
483944,610,nda.ie,ie,533,614,nda.ie,ie,481241,607,535,613
484090,611,o2online.ie,ie,533,599,o2online.ie,ie,481404,608,535,598
484883,612,irishtrails.ie,ie,532,677,irishtrails.ie,ie,485466,614,531,680
485862,613,topline.ie,ie,531,982,topline.ie,ie,505046,635,516,974
487408,614,chg.gov.ie,ie,530,698,chg.gov.ie,ie,487777,615,529,697
487908,615,pixelmedia.ie,ie,530,604,pixelmedia.ie,ie,488288,616,529,601
489512,616,theccd.ie,ie,529,582,theccd.ie,ie,474619,595,541,589
491884,617,irelands-blue-book.ie,ie,527,643,irelands-blue-book.ie,ie,498108,627,521,639
494594,618,thegloss.ie,ie,525,882,thegloss.ie,ie,508128,645,514,875
495155,619,ballymaloe.ie,ie,525,617,ballymaloe.ie,ie,493102,620,525,607
496607,620,healthpromotion.ie,ie,524,666,healthpromotion.ie,ie,492810,619,525,660
498455,621,womensaid.ie,ie,523,631,womensaid.ie,ie,490512,617,527,629
498660,622,imagesbeautysalon.ie,ie,523,604,imagesbeautysalon.ie,ie,495659,623,523,607
498834,623,leprechaunmuseum.ie,ie,523,589,leprechaunmuseum.ie,ie,505846,641,516,583
500618,624,lisahannigan.ie,ie,522,584,lisahannigan.ie,ie,508889,648,514,581
500796,625,shoutout.ie,ie,522,570,shoutout.ie,ie,497359,625,522,573
501663,626,familyfun.ie,ie,521,753,familyfun.ie,ie,497824,626,521,755
501897,627,kerryairport.ie,ie,521,648,kerryairport.ie,ie,505430,637,516,639
503679,628,mentalhealthireland.ie,ie,520,649,mentalhealthireland.ie,ie,499479,628,520,650
503777,629,axa.ie,ie,520,626,axa.ie,ie,495500,622,523,630
503941,630,burrennationalpark.ie,ie,520,602,burrennationalpark.ie,ie,501208,631,519,599
505455,631,shannonside.ie,ie,519,660,shannonside.ie,ie,505358,636,516,654
505493,632,mobileintelligence.ie,ie,519,647,mobileintelligence.ie,ie,508466,646,514,643
505691,633,bim.ie,ie,519,611,bim.ie,ie,501173,630,519,603
507654,634,ipsc.ie,ie,518,588,ipsc.ie,ie,493256,621,525,593
508967,635,houzz.ie,ie,517,706,houzz.ie,ie,511570,650,512,696
509370,636,limerickcity.ie,ie,517,608,limerickcity.ie,ie,505635,639,516,602
509698,637,oxegen.ie,ie,517,578,oxegen.ie,ie,507501,644,515,571
510940,638,findmypast.ie,ie,516,635,findmypast.ie,ie,503936,634,517,635
511113,639,drb.ie,ie,516,605,drb.ie,ie,507138,642,515,606
511123,640,state.ie,ie,516,604,state.ie,ie,495712,624,523,601
511668,641,ashford.ie,ie,516,559,ashford.ie,ie,501693,633,519,562
512376,642,confetti.ie,ie,515,760,confetti.ie,ie,532916,666,501,756
512901,643,anoige.ie,ie,515,600,anoige.ie,ie,505665,640,516,599
512914,644,wicklowmountainsnationalpark.ie,ie,515,599,wicklowmountainsnationalpark.ie,ie,507204,643,515,598
514357,645,echo.ie,ie,514,653,echo.ie,ie,525066,663,505,648
514508,646,olympia.ie,ie,514,621,olympia.ie,ie,490519,618,527,628
514547,647,liveradio.ie,ie,514,615,liveradio.ie,ie,505541,638,516,616
514797,648,thepost.ie,ie,514,585,thepost.ie,ie,501372,632,519,584
517889,649,deconidi.ie,ie,512,665,deconidi.ie,ie,509971,649,513,669
518068,650,galwaycity.ie,ie,512,622,galwaycity.ie,ie,513570,654,511,621
518176,651,thescore.ie,ie,512,605,thescore.ie,ie,508642,647,514,608
519818,652,layahealthcare.ie,ie,511,627,layahealthcare.ie,ie,500999,629,519,631
521555,653,kennys.ie,ie,510,638,kennys.ie,ie,513500,653,511,635
523398,654,alzheimer.ie,ie,509,625,alzheimer.ie,ie,517247,656,509,622
525220,655,scsi.ie,ie,508,622,scsi.ie,ie,579346,721,476,576
526627,656,canstockphoto.ie,ie,507,1225,canstockphoto.ie,ie,534729,667,500,1220
527019,657,midwestradio.ie,ie,507,619,midwestradio.ie,ie,515396,655,510,626
527034,658,into.ie,ie,507,617,into.ie,ie,539250,674,498,611
527125,659,ikc.ie,ie,507,601,ikc.ie,ie,523273,662,506,600
528946,660,bizplus.ie,ie,506,610,bizplus.ie,ie,521252,659,507,597
529222,661,teachnet.ie,ie,506,579,teachnet.ie,ie,517541,657,509,582
531440,662,pjmurphy.ie,ie,505,548,pjmurphy.ie,ie,512451,651,512,560
532481,663,2connect.ie,ie,504,637,2connect.ie,ie,535041,668,500,640
532810,664,glenveaghnationalpark.ie,ie,504,581,glenveaghnationalpark.ie,ie,547258,686,494,570
534360,665,hospicefoundation.ie,ie,503,613,hospicefoundation.ie,ie,523215,660,506,608
534396,666,wicklow.ie,ie,503,607,wicklow.ie,ie,523216,661,506,608
536033,667,puertobanusnailbar.ie,ie,502,646,puertobanusnailbar.ie,ie,513428,652,511,656
536270,668,allianz.ie,ie,502,599,allianz.ie,ie,529410,665,503,599
537629,669,selfbuild.ie,ie,501,815,selfbuild.ie,ie,552099,689,491,811
538055,670,fisheriesireland.ie,ie,501,604,fisheriesireland.ie,ie,521149,658,507,612
538079,671,cultureireland.ie,ie,501,601,cultureireland.ie,ie,535251,671,500,595
538105,672,sailing.ie,ie,501,597,sailing.ie,ie,541292,678,497,592
538306,673,insideireland.ie,ie,501,574,insideireland.ie,ie,539520,676,498,574
539807,674,europcar.ie,ie,500,608,europcar.ie,ie,535177,670,500,607
539919,675,fft.ie,ie,500,591,fft.ie,ie,547099,685,494,587
539925,676,groireland.ie,ie,500,590,groireland.ie,ie,525368,664,505,590
541415,677,galway.ie,ie,499,634,galway.ie,ie,535068,669,500,632
541631,678,clare.ie,ie,499,593,clare.ie,ie,541312,679,497,589
541753,679,englishmarket.ie,ie,499,581,englishmarket.ie,ie,539537,677,498,573
543003,680,fpt.ie,ie,498,697,fpt.ie,ie,537116,673,499,701
543645,681,cricketireland.ie,ie,498,567,cricketireland.ie,ie,554745,691,490,562
545108,682,oceanfm.ie,ie,497,601,oceanfm.ie,ie,561941,700,486,598
545120,683,nala.ie,ie,497,599,nala.ie,ie,539308,675,498,601
547180,684,dublinchamber.ie,ie,496,567,dublinchamber.ie,ie,543455,682,496,565
547181,685,malahidecastleandgardens.ie,ie,496,567,malahidecastleandgardens.ie,ie,541480,680,497,571
547352,686,fruitgifts.ie,ie,496,554,fruitgifts.ie,ie,541693,681,497,556
548187,687,mollymoo.ie,ie,495,826,mollymoo.ie,ie,559741,699,487,821
548191,688,completecar.ie,ie,495,805,completecar.ie,ie,565243,704,484,797
548716,689,digitize.ie,ie,495,583,digitize.ie,ie,547061,684,494,592
549996,690,cbmsigns.ie,ie,494,705,cbmsigns.ie,ie,537103,672,499,709
550519,691,theghotel.ie,ie,494,574,theghotel.ie,ie,576224,715,478,564
552076,692,anglocelt.ie,ie,493,586,anglocelt.ie,ie,556525,693,489,574
552306,693,beaumont.ie,ie,493,561,beaumont.ie,ie,558659,697,488,553
552681,694,contrast.ie,ie,493,536,contrast.ie,ie,559051,698,488,529
555271,695,eircode.ie,ie,491,610,eircode.ie,ie,547004,683,494,602
556976,696,mabs.ie,ie,490,621,mabs.ie,ie,548760,687,493,633
557276,697,utv.ie,ie,490,571,utv.ie,ie,558482,696,488,568
558896,698,gaelpac.ie,ie,489,574,gaelpac.ie,ie,554625,690,490,575
560513,699,connemaranationalpark.ie,ie,488,575,connemaranationalpark.ie,ie,550935,688,492,569
562138,700,giveblood.ie,ie,487,574,giveblood.ie,ie,571052,708,481,569
562321,701,roseoftralee.ie,ie,487,556,roseoftralee.ie,ie,581195,725,475,549
564076,702,aaireland.ie,ie,486,547,aaireland.ie,ie,556905,694,489,545
564271,703,cpl.ie,ie,486,534,cpl.ie,ie,556984,695,489,540
566982,704,carlow-nationalist.ie,ie,484,571,carlow-nationalist.ie,ie,576235,716,478,563
567019,705,iwai.ie,ie,484,567,iwai.ie,ie,567621,706,483,567
567384,706,torquegaming.ie,ie,484,538,torquegaming.ie,ie,566249,705,484,536
567975,707,the-arcade.ie,ie,483,783,the-arcade.ie,ie,577279,719,477,777
568396,708,extratime.ie,ie,483,586,extratime.ie,ie,556365,692,489,594
568519,709,wsm.ie,ie,483,569,wsm.ie,ie,574520,713,479,568
568731,710,citizensassembly.ie,ie,483,550,citizensassembly.ie,ie,573003,710,480,548
569983,711,mountaineering.ie,ie,482,585,mountaineering.ie,ie,569278,707,482,580
570244,712,mhc.ie,ie,482,555,mhc.ie,ie,564147,703,485,557
570701,713,foreignaffairs.gov.ie,ie,482,527,foreignaffairs.gov.ie,ie,573472,711,480,521
571814,714,tudublin.ie,ie,481,550,tudublin.ie,ie,643101,806,443,492
573103,715,toyota.ie,ie,480,571,toyota.ie,ie,574485,712,479,573
573329,716,topcleaners.ie,ie,480,549,topcleaners.ie,ie,411387,506,601,691
574508,717,blathnamara.ie,ie,479,587,blathnamara.ie,ie,561994,701,486,590
575924,718,odlums.ie,ie,478,607,odlums.ie,ie,584110,727,473,601
577097,719,quickcrop.ie,ie,477,801,quickcrop.ie,ie,577274,718,477,797
577666,720,ncte.ie,ie,477,560,ncte.ie,ie,574574,714,479,563
578901,721,ispcc.ie,ie,476,606,ispcc.ie,ie,577582,720,477,606
579496,722,upc.ie,ie,476,537,upc.ie,ie,562484,702,486,542
579838,723,kapltd.ie,ie,476,518,kapltd.ie,ie,576852,717,478,519
580740,724,lawlibrary.ie,ie,475,558,lawlibrary.ie,ie,591011,732,469,547
582216,725,gaietytheatre.ie,ie,474,563,gaietytheatre.ie,ie,572814,709,480,562
583785,726,archaeology.ie,ie,473,559,archaeology.ie,ie,581101,724,475,559
583801,727,galway-ireland.ie,ie,473,558,galway-ireland.ie,ie,579515,722,476,557
583873,728,creditunion.ie,ie,473,552,creditunion.ie,ie,586022,729,472,552
585213,729,glasnevintrust.ie,ie,472,570,glasnevintrust.ie,ie,590835,731,469,564
585338,730,travelrepublic.ie,ie,472,554,travelrepublic.ie,ie,604769,752,461,546
586830,731,curragh.ie,ie,471,560,curragh.ie,ie,585954,728,472,560
587152,732,stjames.ie,ie,471,534,stjames.ie,ie,594579,739,467,532
587349,733,nmbi.ie,ie,471,522,nmbi.ie,ie,598268,743,465,513
587462,734,enn.ie,ie,471,516,enn.ie,ie,583352,726,474,518
588547,735,trinitynews.ie,ie,470,544,trinitynews.ie,ie,589391,730,470,542
588826,736,clannad.ie,ie,470,526,clannad.ie,ie,598135,742,465,521
590025,737,goracing.ie,ie,469,563,goracing.ie,ie,581086,723,475,561
590383,738,kbc.ie,ie,469,530,kbc.ie,ie,592870,735,468,530
591956,739,teachingandlearning.ie,ie,468,525,teachingandlearning.ie,ie,600004,747,464,516
593428,740,d2counselling.ie,ie,467,537,d2counselling.ie,ie,594488,738,467,538
593610,741,aerarann.ie,ie,467,525,aerarann.ie,ie,592972,736,468,523
593625,742,munsterlit.ie,ie,467,524,munsterlit.ie,ie,596391,740,466,521
593703,743,atheist.ie,ie,467,519,atheist.ie,ie,591385,733,469,520
595507,744,fashion.ie,ie,466,507,fashion.ie,ie,613012,765,457,499
595603,745,contrejour.ie,ie,466,502,contrejour.ie,ie,598555,745,465,499
599430,746,ulsport.ie,ie,463,784,ulsport.ie,ie,593748,737,467,783
599922,747,irma.ie,ie,463,561,irma.ie,ie,599422,746,464,562
600573,748,donberg.ie,ie,463,512,donberg.ie,ie,624630,779,451,507
602751,749,accessfirstaid.ie,ie,462,488,accessfirstaid.ie,ie,617112,770,455,482
603790,750,aillweecave.ie,ie,461,526,aillweecave.ie,ie,628708,783,449,512
603811,751,sony.ie,ie,461,525,sony.ie,ie,592833,734,468,533
604111,752,local.ie,ie,461,507,local.ie,ie,601826,750,463,508
605568,753,3arena.ie,ie,460,521,3arena.ie,ie,601518,749,463,525
606885,754,kerrycoco.ie,ie,459,559,kerrycoco.ie,ie,601172,748,463,559
607066,755,source.ie,ie,459,537,source.ie,ie,612352,763,457,539
607106,756,redfm.ie,ie,459,534,redfm.ie,ie,597886,741,465,537
607201,757,eflow.ie,ie,459,526,eflow.ie,ie,606799,754,460,526
607367,758,theirishfield.ie,ie,459,515,theirishfield.ie,ie,610801,759,458,516
607402,759,theporterhouse.ie,ie,459,513,theporterhouse.ie,ie,598299,744,465,512
608305,760,pfizer.ie,ie,458,636,pfizer.ie,ie,610028,757,458,624
608458,761,b3multimedia.ie,ie,458,587,b3multimedia.ie,ie,612069,762,457,583
608725,762,npa.ie,ie,458,547,npa.ie,ie,608470,756,459,544
608855,763,abortionrightscampaign.ie,ie,458,536,abortionrightscampaign.ie,ie,612376,764,457,537
610361,764,esbnetworks.ie,ie,457,574,esbnetworks.ie,ie,602730,751,462,580
610987,765,dublinliteraryaward.ie,ie,457,512,dublinliteraryaward.ie,ie,610865,760,458,513
612841,766,avoca.ie,ie,456,510,avoca.ie,ie,618523,772,454,511
613653,767,picclick.ie,ie,455,794,picclick.ie,ie,611737,761,457,795
613908,768,curriculumonline.ie,ie,455,605,curriculumonline.ie,ie,615824,768,455,595
614070,769,grantthornton.ie,ie,455,565,grantthornton.ie,ie,608260,755,459,571
614439,770,ark.ie,ie,455,524,ark.ie,ie,622363,776,452,517
615921,771,cif.ie,ie,454,566,cif.ie,ie,623985,777,451,567
617720,772,spiritradio.ie,ie,453,580,spiritradio.ie,ie,634907,793,446,575
618092,773,p2p.ie,ie,453,527,p2p.ie,ie,616299,769,455,526
618107,774,horsesportireland.ie,ie,453,526,horsesportireland.ie,ie,618247,771,454,529
618493,775,dublinsightseeing.ie,ie,453,503,dublinsightseeing.ie,ie,631072,787,448,501
619730,776,teanglann.ie,ie,452,549,teanglann.ie,ie,614158,766,456,556
619806,777,ncbi.ie,ie,452,540,ncbi.ie,ie,610525,758,458,537
620157,778,ndrc.ie,ie,452,514,ndrc.ie,ie,614661,767,456,511
620873,779,artur.ie,ie,452,478,artur.ie,ie,619188,773,454,478
621993,780,cpaireland.ie,ie,451,519,cpaireland.ie,ie,624469,778,451,517
623307,781,outsider.ie,ie,450,632,outsider.ie,ie,634738,790,446,627
623400,782,curiousireland.ie,ie,450,595,curiousireland.ie,ie,634833,791,446,591
623630,783,cyclesuperstore.ie,ie,450,552,cyclesuperstore.ie,ie,635069,795,446,543
623827,784,nra.ie,ie,450,531,nra.ie,ie,630627,786,448,530
625636,785,irishdogs.ie,ie,449,558,irishdogs.ie,ie,634993,794,446,556
625725,786,bai.ie,ie,449,546,bai.ie,ie,628382,782,449,539
625917,787,athlone.ie,ie,449,525,athlone.ie,ie,604939,753,461,531
627591,788,chadwicks.ie,ie,448,678,chadwicks.ie,ie,636946,797,445,672
629712,789,heitonbuckley.ie,ie,447,647,heitonbuckley.ie,ie,637005,798,445,641
630337,790,inmo.ie,ie,447,519,inmo.ie,ie,626460,780,450,521
630966,791,oasis.gov.ie,ie,447,486,oasis.gov.ie,ie,631355,788,448,488
632235,792,opel.ie,ie,446,548,opel.ie,ie,639775,800,444,543
632703,793,adaptcentre.ie,ie,446,505,adaptcentre.ie,ie,635610,796,446,501
632934,794,guinness.ie,ie,446,495,guinness.ie,ie,640456,803,444,492
634310,795,cbg.ie,ie,445,561,cbg.ie,ie,621903,775,452,566
634415,796,cartell.ie,ie,445,541,cartell.ie,ie,632774,789,447,539
634439,797,mcdonalds.ie,ie,445,538,mcdonalds.ie,ie,639838,801,444,534
634705,798,connect.ie,ie,445,515,connect.ie,ie,626515,781,450,517
636480,799,4pm.ie,ie,444,583,4pm.ie,ie,634877,792,446,582
637176,800,marshlibrary.ie,ie,444,503,marshlibrary.ie,ie,620558,774,453,507
638579,801,michaelmurphy.ie,ie,443,623,michaelmurphy.ie,ie,644513,808,442,625
638726,802,audi.ie,ie,443,573,audi.ie,ie,644673,809,442,570
638792,803,whytes.ie,ie,443,557,whytes.ie,ie,639701,799,444,556
638937,804,irishsportscouncil.ie,ie,443,534,irishsportscouncil.ie,ie,647302,813,441,530
638938,805,nissan.ie,ie,443,534,nissan.ie,ie,654647,819,438,531
639296,806,redcresearch.ie,ie,443,506,redcresearch.ie,ie,642833,805,443,505
642330,807,campion.ie,ie,442,468,campion.ie,ie,629383,784,449,478
643372,808,southdublinlibraries.ie,ie,441,552,southdublinlibraries.ie,ie,651992,816,439,548
643407,809,enterprise.ie,ie,441,548,enterprise.ie,ie,649611,815,440,544
643533,810,laois.ie,ie,441,532,laois.ie,ie,642455,804,443,531
644562,811,bankofireland.ie,ie,441,471,bankofireland.ie,ie,629431,785,449,476
644621,812,codesolutions.ie,ie,441,468,codesolutions.ie,ie,643659,807,443,469
645815,813,taytopark.ie,ie,440,540,taytopark.ie,ie,657236,822,437,531
645878,814,volunteer.ie,ie,440,531,volunteer.ie,ie,639839,802,444,534
648313,815,mayococo.ie,ie,439,523,mayococo.ie,ie,659791,825,436,518
648749,816,scoilailbhe.ie,ie,439,495,scoilailbhe.ie,ie,645371,811,442,497
650470,817,bodywhys.ie,ie,438,557,bodywhys.ie,ie,644752,810,442,553
650605,818,wexford.ie,ie,438,535,wexford.ie,ie,647263,812,441,534
650622,819,udaras.ie,ie,438,532,udaras.ie,ie,654679,820,438,527
650845,820,cineworld.ie,ie,438,511,cineworld.ie,ie,672333,839,431,509
653232,821,castlemartyrresort.ie,ie,437,509,castlemartyrresort.ie,ie,682360,854,427,503
653527,822,emigrant.ie,ie,437,492,emigrant.ie,ie,652657,818,439,493
653647,823,netsoc.ie,ie,437,486,netsoc.ie,ie,647949,814,441,489
655026,824,enterprisemanagement.ie,ie,436,639,enterprisemanagement.ie,ie,656799,821,437,645
656787,825,online.ie,ie,436,456,online.ie,ie,668517,833,433,452
658072,826,specialolympics.ie,ie,435,515,specialolympics.ie,ie,659861,826,436,510
658593,827,templebar.ie,ie,435,484,templebar.ie,ie,657930,824,437,482
660761,828,kbcdublinmarathon.ie,ie,434,501,kbcdublinmarathon.ie,ie,672489,841,431,498
660870,829,forfas.ie,ie,434,495,forfas.ie,ie,652568,817,439,497
660989,830,travelodge.ie,ie,434,489,travelodge.ie,ie,672714,843,431,486
661125,831,morrisonhotel.ie,ie,434,483,morrisonhotel.ie,ie,672816,844,431,481
662484,832,malcolms.ie,ie,433,717,malcolms.ie,ie,674227,845,430,721
662992,833,siptu.ie,ie,433,521,siptu.ie,ie,672274,837,431,516
665552,834,ageaction.ie,ie,432,521,ageaction.ie,ie,669715,834,432,522
666464,835,mediamarketing.ie,ie,432,466,mediamarketing.ie,ie,665746,831,434,466
667886,836,iradio.ie,ie,431,534,iradio.ie,ie,664615,829,434,535
667955,837,donegalcoco.ie,ie,431,523,donegalcoco.ie,ie,682197,853,427,520
668095,838,rehab.ie,ie,431,508,rehab.ie,ie,687437,860,425,502
668557,839,webworld.ie,ie,431,483,webworld.ie,ie,657848,823,437,486
670583,840,northernsound.ie,ie,430,522,northernsound.ie,ie,689794,867,424,515
670649,841,bonkers.ie,ie,430,514,bonkers.ie,ie,697300,874,421,512
670851,842,donohuestudios.ie,ie,430,498,donohuestudios.ie,ie,672446,840,431,501
670934,843,connachtrugby.ie,ie,430,492,connachtrugby.ie,ie,677718,847,429,483
670966,844,icgp.ie,ie,430,490,icgp.ie,ie,682657,855,427,484
672835,845,letshost.ie,ie,429,580,letshost.ie,ie,689451,866,424,575
673075,846,sherryfitz.ie,ie,429,527,sherryfitz.ie,ie,662165,827,435,527
673139,847,louthcoco.ie,ie,429,518,louthcoco.ie,ie,674820,846,430,511
673238,848,irishnationalstud.ie,ie,429,509,irishnationalstud.ie,ie,662286,828,435,514
673730,849,imb.ie,ie,429,480,imb.ie,ie,680251,851,428,478
675598,850,mcguirepm.ie,ie,428,540,mcguirepm.ie,ie,667059,832,433,543
675948,851,voya.ie,ie,428,498,voya.ie,ie,687473,862,425,498
676296,852,newsweaver.ie,ie,428,480,newsweaver.ie,ie,680272,852,428,477
677855,853,purchase.ie,ie,427,652,purchase.ie,ie,679195,850,428,661
678499,854,lighthousecinema.ie,ie,427,503,lighthousecinema.ie,ie,672500,842,431,497
678670,855,slanecastle.ie,ie,427,492,slanecastle.ie,ie,687645,865,425,486
679111,856,bespokediamonds.ie,ie,427,472,bespokediamonds.ie,ie,677994,848,429,471
680624,857,dogsfirst.ie,ie,426,588,dogsfirst.ie,ie,686928,858,425,592
681046,858,ford.ie,ie,426,511,ford.ie,ie,672322,838,431,510
681143,859,rsvpmagazine.ie,ie,426,502,rsvpmagazine.ie,ie,669879,835,432,505
683599,860,cyclingireland.ie,ie,425,524,cyclingireland.ie,ie,672182,836,431,526
683606,861,kilkennyarts.ie,ie,425,523,kilkennyarts.ie,ie,694771,870,422,519
683649,862,lmfm.ie,ie,425,518,lmfm.ie,ie,684713,856,426,523
686500,863,dublinport.ie,ie,424,494,dublinport.ie,ie,697541,877,421,491
689107,864,triskelartscentre.ie,ie,423,503,triskelartscentre.ie,ie,687445,861,425,501
689242,865,solocheck.ie,ie,423,493,solocheck.ie,ie,695041,872,422,492
689513,866,westernpeople.ie,ie,423,478,westernpeople.ie,ie,700296,880,420,475
691626,867,wheel.ie,ie,422,513,wheel.ie,ie,664731,830,434,521
691665,868,cliffhousehotel.ie,ie,422,508,cliffhousehotel.ie,ie,726147,915,410,499
691704,869,youghaldentist.ie,ie,422,504,youghaldentist.ie,ie,689852,868,424,509
694141,870,corkpastandpresent.ie,ie,421,526,corkpastandpresent.ie,ie,710000,892,416,521
694464,871,marksandspencer.ie,ie,421,490,marksandspencer.ie,ie,692533,869,423,494
696329,872,vipmagazine.ie,ie,420,638,vipmagazine.ie,ie,704386,883,418,633
696637,873,jigsaw.ie,ie,420,534,jigsaw.ie,ie,717983,903,413,520
696642,874,spreadshirt.ie,ie,420,533,spreadshirt.ie,ie,725929,914,410,528
697182,875,weddingdates.ie,ie,420,482,weddingdates.ie,ie,708019,890,417,474
697245,876,radissonblu.ie,ie,420,479,radissonblu.ie,ie,697725,878,421,481
697598,877,utvinternet.ie,ie,420,464,utvinternet.ie,ie,678046,849,429,469
699105,878,etb.ie,ie,419,571,etb.ie,ie,704531,884,418,575
699131,879,showbiz.ie,ie,419,563,showbiz.ie,ie,712427,895,415,560
699309,880,motorcheck.ie,ie,419,525,motorcheck.ie,ie,712606,896,415,520
699644,881,corkcityfc.ie,ie,419,491,corkcityfc.ie,ie,697540,876,421,491
700158,882,happyfruit.ie,ie,419,466,happyfruit.ie,ie,708173,891,417,466
701443,883,thegardenshop.ie,ie,418,785,thegardenshop.ie,ie,730862,923,408,773
701764,884,pobal.ie,ie,418,550,pobal.ie,ie,687081,859,425,550
702054,885,ifta.ie,ie,418,505,ifta.ie,ie,684907,857,426,501
702145,886,jjkavanagh.ie,ie,418,496,jjkavanagh.ie,ie,687509,863,425,495
702157,887,thecork.ie,ie,418,495,thecork.ie,ie,710331,893,416,487
702277,888,electricireland.ie,ie,418,487,electricireland.ie,ie,687626,864,425,487
702396,889,westmeathexaminer.ie,ie,418,482,westmeathexaminer.ie,ie,705249,885,418,482
704126,890,ezlivingfurniture.ie,ie,417,736,ezlivingfurniture.ie,ie,720173,907,412,737
704796,891,darknessintolight.ie,ie,417,496,darknessintolight.ie,ie,694983,871,422,498
704828,892,dublinmarathon.ie,ie,417,494,dublinmarathon.ie,ie,697444,875,421,499
705539,893,dan-dooley.ie,ie,417,460,dan-dooley.ie,ie,705760,888,418,461
707017,894,attractionticketsdirect.ie,ie,416,562,attractionticketsdirect.ie,ie,702007,881,419,562
707550,895,irishlifehealth.ie,ie,416,488,irishlifehealth.ie,ie,700021,879,420,490
707634,896,focloir.ie,ie,416,483,focloir.ie,ie,705278,886,418,481
707953,897,cashel.ie,ie,416,470,cashel.ie,ie,718765,906,413,463
708314,898,photographers.ie,ie,416,456,photographers.ie,ie,703065,882,419,464
710740,899,property.ie,ie,415,463,property.ie,ie,713498,898,415,461
712591,900,galway2020.ie,ie,414,510,galway2020.ie,ie,736859,930,406,497
712731,901,mothercare.ie,ie,414,495,mothercare.ie,ie,718212,904,413,493
712848,902,town.ie,ie,414,485,town.ie,ie,715540,900,414,489
713116,903,dundrum.ie,ie,414,472,dundrum.ie,ie,695291,873,422,477
713171,904,bco.ie,ie,414,469,bco.ie,ie,705486,887,418,471
713304,905,irishwhiskeymuseum.ie,ie,414,463,irishwhiskeymuseum.ie,ie,734721,928,407,460
714016,906,eset.ie,ie,414,437,eset.ie,ie,706292,889,418,440
716187,907,lecaveau.ie,ie,413,454,lecaveau.ie,ie,716302,901,414,455
718041,908,gobus.ie,ie,412,498,gobus.ie,ie,723466,908,411,496
718103,909,pipers.ie,ie,412,492,pipers.ie,ie,731519,925,408,489
720622,910,qualifax.ie,ie,411,516,qualifax.ie,ie,715297,899,414,516
720745,911,treecouncil.ie,ie,411,499,treecouncil.ie,ie,731458,924,408,495
720858,912,youth.ie,ie,411,488,youth.ie,ie,710346,894,416,486
721817,913,dervish.ie,ie,411,445,dervish.ie,ie,729898,921,409,441
723583,914,dspca.ie,ie,410,483,dspca.ie,ie,713100,897,415,478
726408,915,thehelix.ie,ie,409,477,thehelix.ie,ie,726401,916,410,477
726429,916,cocoabrown.ie,ie,409,476,cocoabrown.ie,ie,723805,910,411,473
726592,917,digiweb.ie,ie,409,468,digiweb.ie,ie,718601,905,413,470
727151,918,goal.ie,ie,409,446,goal.ie,ie,727160,918,410,446
729117,919,westcorkmusic.ie,ie,408,474,westcorkmusic.ie,ie,734499,927,407,472
729220,920,galwaynews.ie,ie,408,468,galwaynews.ie,ie,729150,919,409,469
729319,921,riam.ie,ie,408,463,riam.ie,ie,732002,926,408,460
729638,922,rent.ie,ie,408,451,rent.ie,ie,729403,920,409,458
731282,923,greensideup.ie,ie,407,549,greensideup.ie,ie,747518,943,402,549
731694,924,uplift.ie,ie,407,488,uplift.ie,ie,723568,909,411,487
732233,925,astronomy.ie,ie,407,457,astronomy.ie,ie,724235,913,411,455
732264,926,ionainstitute.ie,ie,407,456,ionainstitute.ie,ie,756921,964,399,453
733041,927,eurofound.ie,ie,407,426,eurofound.ie,ie,730139,922,409,429
734117,928,evergreen.ie,ie,406,524,evergreen.ie,ie,717918,902,413,528
734591,929,bordnamona.ie,ie,406,473,bordnamona.ie,ie,750923,949,401,473
734762,930,ryanair.ie,ie,406,464,ryanair.ie,ie,723921,911,411,467
737407,931,tipperarystar.ie,ie,405,473,tipperarystar.ie,ie,737173,931,406,472
737632,932,aig.ie,ie,405,461,aig.ie,ie,723939,912,411,466
737633,933,gabes.ie,ie,405,461,gabes.ie,ie,748451,947,402,455
737801,934,educationireland.ie,ie,405,453,educationireland.ie,ie,734826,929,407,455
740114,935,earlychildhoodireland.ie,ie,404,486,earlychildhoodireland.ie,ie,750797,948,401,483
740355,936,locksmiths365.ie,ie,404,469,locksmiths365.ie,ie,745414,938,403,469
742232,937,lights.ie,ie,403,776,lights.ie,ie,761377,966,397,780
743005,938,dublincoach.ie,ie,403,480,dublincoach.ie,ie,742463,933,404,482
743312,939,dochas.ie,ie,403,459,dochas.ie,ie,748450,946,402,455
743508,940,diff.ie,ie,403,451,diff.ie,ie,751404,952,401,447
743658,941,tmb.ie,ie,403,446,tmb.ie,ie,751386,951,401,448
745780,942,lottoland.ie,ie,402,482,lottoland.ie,ie,745271,937,403,479
745903,943,offaly.ie,ie,402,472,offaly.ie,ie,745438,939,403,468
746109,944,aaroadwatch.ie,ie,402,461,aaroadwatch.ie,ie,742835,934,404,461
746560,945,ntma.ie,ie,402,443,ntma.ie,ie,745878,941,403,448
746966,946,checkout.ie,ie,402,431,checkout.ie,ie,754752,958,400,430
747955,947,freetv.ie,ie,401,677,freetv.ie,ie,767019,976,395,680
748458,948,familyfriendlyhq.ie,ie,401,500,familyfriendlyhq.ie,ie,747801,944,402,501
748607,949,igs.ie,ie,401,485,igs.ie,ie,767666,978,395,478
749354,950,justcats.ie,ie,401,444,justcats.ie,ie,727034,917,410,450
751416,951,iws.ie,ie,400,491,iws.ie,ie,745098,935,403,494
751465,952,ilovelimerick.ie,ie,400,486,ilovelimerick.ie,ie,745141,936,403,490
751527,953,workplacerelations.ie,ie,400,481,workplacerelations.ie,ie,756485,963,399,480
751555,954,gaeilge.ie,ie,400,479,gaeilge.ie,ie,739723,932,405,481
751598,955,mydreamwedding.ie,ie,400,476,mydreamwedding.ie,ie,778915,987,391,472
751660,956,fbd.ie,ie,400,472,fbd.ie,ie,753681,956,400,472
752280,957,immigrantcouncil.ie,ie,400,444,immigrantcouncil.ie,ie,762865,971,397,439
752498,958,dubchamber.ie,ie,400,437,dubchamber.ie,ie,754615,957,400,434
753924,959,kmf.ie,ie,399,554,kmf.ie,ie,756004,960,399,551
754557,960,confessio.ie,ie,399,467,confessio.ie,ie,748175,945,402,467
754592,961,childabusecommission.ie,ie,399,465,childabusecommission.ie,ie,745521,940,403,463
754763,962,tescomobile.ie,ie,399,457,tescomobile.ie,ie,751195,950,401,456
755607,963,planetaqua.ie,ie,399,428,planetaqua.ie,ie,768927,981,395,424
756836,964,2mdetailing.ie,ie,398,536,2mdetailing.ie,ie,756072,961,399,535
756867,965,voucherpages.ie,ie,398,530,voucherpages.ie,ie,758965,965,398,528
757553,966,unicef.ie,ie,398,459,unicef.ie,ie,762432,967,397,456
758366,967,conference.ie,ie,398,430,conference.ie,ie,763223,973,397,429
759397,968,carsie.ie,ie,397,732,carsie.ie,ie,755777,959,399,732
759864,969,ndls.ie,ie,397,501,ndls.ie,ie,767492,977,395,497
760412,970,talkofthetown.ie,ie,397,456,talkofthetown.ie,ie,779219,988,391,452
760661,971,hayfieldmanor.ie,ie,397,445,hayfieldmanor.ie,ie,762686,969,397,445
761407,972,foodexpo.ie,ie,397,422,foodexpo.ie,ie,763452,974,397,422
763642,973,modernart.ie,ie,396,441,modernart.ie,ie,762741,970,397,443
763727,974,ipa.ie,ie,396,438,ipa.ie,ie,751725,954,401,437
763969,975,dublindesign.ie,ie,396,431,dublindesign.ie,ie,763184,972,397,430
765785,976,dccoi.ie,ie,395,475,dccoi.ie,ie,753640,955,400,475
765826,977,bmw.ie,ie,395,472,bmw.ie,ie,781766,990,390,475
766200,978,monaghan.ie,ie,395,451,monaghan.ie,ie,762567,968,397,450
766407,979,irishlife.ie,ie,395,443,irishlife.ie,ie,790755,1003,387,444
767053,980,odonoghues.ie,ie,395,424,odonoghues.ie,ie,794580,1010,386,414
768054,981,braywanderers.ie,ie,394,1002,braywanderers.ie,ie,747230,942,402,1030
769378,982,96fm.ie,ie,394,442,96fm.ie,ie,765563,975,396,442
771027,983,hitched.ie,ie,393,572,hitched.ie,ie,784100,994,389,568
771332,984,tht.ie,ie,393,504,tht.ie,ie,756226,962,399,509
772174,985,eircom.ie,ie,393,443,eircom.ie,ie,751522,953,401,443
772443,986,derekmolloy.ie,ie,393,434,derekmolloy.ie,ie,785399,996,389,431
775239,987,iccl.ie,ie,392,438,iccl.ie,ie,771221,982,394,437
777399,988,sei.ie,ie,391,474,sei.ie,ie,778883,986,391,475
778609,989,usit.ie,ie,391,423,usit.ie,ie,783053,992,390,420
779641,990,propertyimages.ie,ie,390,804,propertyimages.ie,ie,786734,998,388,808
779660,991,findapart.ie,ie,390,702,findapart.ie,ie,778262,985,391,706
780803,992,isme.ie,ie,390,443,isme.ie,ie,768287,979,395,444
783455,993,jackandjill.ie,ie,389,460,jackandjill.ie,ie,781961,991,390,459
784016,994,teni.ie,ie,389,434,teni.ie,ie,776844,984,392,435
784017,995,tradfest.ie,ie,389,434,tradfest.ie,ie,771249,983,394,436
787430,996,digitalrights.ie,ie,388,419,digitalrights.ie,ie,791502,1005,387,420
788666,997,laoistoday.ie,ie,387,537,laoistoday.ie,ie,798523,1014,384,532
789245,998,eumom.ie,ie,387,456,eumom.ie,ie,796263,1012,385,459
789532,999,iia.ie,ie,387,441,iia.ie,ie,779388,989,391,445
789927,1000,bestbeans.ie,ie,387,428,bestbeans.ie,ie,805403,1018,382,424
790542,1001,jamstudios.ie,ie,387,411,jamstudios.ie,ie,783305,993,390,412
791320,1002,pippa.ie,ie,386,668,pippa.ie,ie,812525,1024,379,663
792145,1003,educatetogether.ie,ie,386,456,educatetogether.ie,ie,784795,995,389,458
794875,1004,clarecoco.ie,ie,385,471,clarecoco.ie,ie,796125,1011,385,469
795009,1005,mama.ie,ie,385,460,mama.ie,ie,787612,1000,388,459
795110,1006,irishlights.ie,ie,385,453,irishlights.ie,ie,804762,1017,382,451
795265,1007,libertyinsurance.ie,ie,385,445,libertyinsurance.ie,ie,807681,1020,381,448
796182,1008,imi.ie,ie,385,415,imi.ie,ie,785991,997,389,415
797636,1009,dngflanaganford.ie,ie,384,493,dngflanaganford.ie,ie,793013,1007,386,495
797758,1010,shelflife.ie,ie,384,478,shelflife.ie,ie,821670,1032,376,472
797898,1011,activelink.ie,ie,384,464,activelink.ie,ie,793302,1008,386,463
797928,1012,visitkilkenny.ie,ie,384,462,visitkilkenny.ie,ie,790449,1002,387,461
798039,1013,brittanyferries.ie,ie,384,454,brittanyferries.ie,ie,787785,1001,388,449
798555,1014,developmenteducation.ie,ie,384,430,developmenteducation.ie,ie,791102,1004,387,431
799452,1015,conversationpiece.ie,ie,384,404,conversationpiece.ie,ie,809077,1022,381,402
800357,1016,overdrive.ie,ie,383,520,overdrive.ie,ie,787091,999,388,526
800943,1017,ms-society.ie,ie,383,451,ms-society.ie,ie,796433,1013,385,447
801977,1018,hamco.ie,ie,383,415,hamco.ie,ie,808643,1021,381,414
803057,1019,ilovecooking.ie,ie,382,613,ilovecooking.ie,ie,815416,1025,378,609
803125,1020,keropoklekorabeng.ie,ie,382,562,keropoklekorabeng.ie,ie,792681,1006,386,563
804099,1021,chambers.ie,ie,382,439,chambers.ie,ie,799411,1015,384,436
804141,1022,queenoftarts.ie,ie,382,437,queenoftarts.ie,ie,819595,1030,377,426
806984,1023,zurich.ie,ie,381,443,zurich.ie,ie,968547,1227,334,388
807493,1024,braywanderersfc.ie,ie,381,423,braywanderersfc.ie,ie,819773,1031,377,420
807956,1025,accounting-pro.ie,ie,381,410,accounting-pro.ie,ie,823327,1035,376,403
809551,1026,sportireland.ie,ie,380,452,sportireland.ie,ie,819099,1029,377,449
812306,1027,asthma.ie,ie,379,469,asthma.ie,ie,821764,1034,376,463
812362,1028,shopireland.ie,ie,379,464,shopireland.ie,ie,845169,1063,368,466
812990,1029,westmeathindependent.ie,ie,379,428,westmeathindependent.ie,ie,839913,1059,370,422
816895,1030,andweb.ie,ie,378,397,andweb.ie,ie,806303,1019,382,399
818044,1031,iwdg.ie,ie,377,466,iwdg.ie,ie,815988,1026,378,464
818244,1032,paviliontheatre.ie,ie,377,449,paviliontheatre.ie,ie,793432,1009,386,455
820525,1033,lovefurniture.ie,ie,376,551,lovefurniture.ie,ie,863197,1086,362,549
820585,1034,aro.ie,ie,376,540,aro.ie,ie,833118,1045,372,536
820929,1035,irishwildflowers.ie,ie,376,476,irishwildflowers.ie,ie,845135,1062,368,469
820966,1036,dubraybooks.ie,ie,376,471,dubraybooks.ie,ie,804501,1016,382,473
821560,1037,virtuallythere.ie,ie,376,431,virtuallythere.ie,ie,831153,1044,373,429
824402,1038,southeastradio.ie,ie,375,445,southeastradio.ie,ie,854406,1074,365,443
824419,1039,hertz.ie,ie,375,444,hertz.ie,ie,830834,1043,373,446
824520,1040,paveepoint.ie,ie,375,438,paveepoint.ie,ie,828075,1040,374,433
824913,1041,baltimore.ie,ie,375,422,baltimore.ie,ie,834227,1047,372,419
826590,1042,artnhobby.ie,ie,374,605,artnhobby.ie,ie,838754,1054,370,602
828214,1043,mayo.ie,ie,374,451,mayo.ie,ie,854341,1073,365,448
828227,1044,host.ie,ie,374,450,host.ie,ie,816077,1027,378,455
828682,1045,drcc.ie,ie,374,427,drcc.ie,ie,837051,1052,371,423
828775,1046,irishwriterscentre.ie,ie,374,424,irishwriterscentre.ie,ie,837079,1053,371,422
829855,1047,longfordtri.ie,ie,374,397,longfordtri.ie,ie,768892,980,395,425
832691,1048,rentokil.ie,ie,373,560,rentokil.ie,ie,827136,1037,374,556
833131,1049,ahg.gov.ie,ie,373,470,ahg.gov.ie,ie,821727,1033,376,466
833608,1050,galleryofphotography.ie,ie,373,432,galleryofphotography.ie,ie,810791,1023,380,431
833653,1051,maynoothcollege.ie,ie,373,430,maynoothcollege.ie,ie,828296,1041,374,424
833824,1052,volkswagen.ie,ie,373,424,volkswagen.ie,ie,836851,1051,371,431
834870,1053,princeaugust.ie,ie,373,398,princeaugust.ie,ie,850010,1067,367,390
836902,1054,rhagallery.ie,ie,372,458,rhagallery.ie,ie,836432,1049,371,458
837203,1055,fleadhcheoil.ie,ie,372,438,fleadhcheoil.ie,ie,827956,1039,374,440
837214,1056,portofcork.ie,ie,372,437,portofcork.ie,ie,816337,1028,378,439
840634,1057,pleanala.ie,ie,371,448,pleanala.ie,ie,827826,1038,374,448
841009,1058,murphysicecream.ie,ie,371,428,murphysicecream.ie,ie,848596,1066,367,427
841298,1059,123.ie,ie,371,417,123.ie,ie,825521,1036,375,420
846456,1060,websolutionsdublin.ie,ie,369,493,websolutionsdublin.ie,ie,839051,1055,370,490
846583,1061,zeba.ie,ie,369,473,zeba.ie,ie,839181,1056,370,472
846807,1062,duchas.ie,ie,369,452,duchas.ie,ie,830751,1042,373,454
846864,1063,greatoutdoors.ie,ie,369,447,greatoutdoors.ie,ie,842358,1060,369,452
847014,1064,knock-shrine.ie,ie,369,436,knock-shrine.ie,ie,851531,1070,366,430
847967,1065,techwarehouse.ie,ie,369,404,techwarehouse.ie,ie,846324,1065,368,406
849546,1066,kerriganmeats.ie,ie,368,480,kerriganmeats.ie,ie,850966,1068,366,480
849887,1067,upstate.ie,ie,368,445,upstate.ie,ie,839405,1057,370,451
850080,1068,childrensrights.ie,ie,368,433,childrensrights.ie,ie,836800,1050,371,434
852376,1069,emeraldinteriordesign.ie,ie,367,556,emeraldinteriordesign.ie,ie,869653,1092,360,550
853804,1070,bodyandsoul.ie,ie,367,410,bodyandsoul.ie,ie,858263,1077,364,407
855768,1071,helpmykidlearn.ie,ie,366,472,helpmykidlearn.ie,ie,851015,1069,366,471
855949,1072,mercierpress.ie,ie,366,452,mercierpress.ie,ie,833613,1046,372,452
856305,1073,ncts.ie,ie,366,427,ncts.ie,ie,839738,1058,370,430
857210,1074,intel.ie,ie,366,399,intel.ie,ie,861851,1084,363,396
859621,1075,deandublin.ie,ie,365,416,deandublin.ie,ie,861251,1083,363,411
862202,1076,studentfinance.ie,ie,364,442,studentfinance.ie,ie,842454,1061,369,445
862246,1077,one4all.ie,ie,364,440,one4all.ie,ie,860619,1081,363,440
862894,1078,jrnl.ie,ie,364,410,jrnl.ie,ie,864412,1088,362,410
862926,1079,westpark.ie,ie,364,409,westpark.ie,ie,871847,1096,360,408
865315,1080,kilkennycoco.ie,ie,363,452,kilkennycoco.ie,ie,854306,1072,365,451
865617,1081,sligotourism.ie,ie,363,430,sligotourism.ie,ie,884793,1111,357,426
865749,1082,autotrader.ie,ie,363,423,autotrader.ie,ie,845701,1064,368,427
865750,1083,foroige.ie,ie,363,423,foroige.ie,ie,854770,1075,365,421
866069,1084,cabledepot.ie,ie,363,411,cabledepot.ie,ie,864386,1087,362,411
866434,1085,davy.ie,ie,363,402,davy.ie,ie,858604,1079,364,399
866932,1086,artandsoul.ie,ie,363,391,artandsoul.ie,ie,862220,1085,363,389
868184,1087,johnstowngardencentre.ie,ie,362,508,johnstowngardencentre.ie,ie,836073,1048,371,510
868955,1088,clubtravel.ie,ie,362,424,clubtravel.ie,ie,851552,1071,366,429
869016,1089,carphonewarehouse.ie,ie,362,421,carphonewarehouse.ie,ie,857717,1076,364,427
869730,1090,bathroomboutique.ie,ie,362,400,bathroomboutique.ie,ie,858505,1078,364,401
870720,1091,prokill.ie,ie,362,376,prokill.ie,ie,865746,1089,362,376
872277,1092,thehealthstore.ie,ie,361,423,thehealthstore.ie,ie,860845,1082,363,427
872637,1093,iua.ie,ie,361,408,iua.ie,ie,871892,1098,360,407
875802,1094,avis.ie,ie,360,408,avis.ie,ie,871891,1097,360,407
878431,1095,consumerhelp.ie,ie,359,439,consumerhelp.ie,ie,884614,1110,357,437
878882,1096,donegalairport.ie,ie,359,414,donegalairport.ie,ie,920280,1156,347,404
879901,1097,bitc.ie,ie,359,388,bitc.ie,ie,889538,1120,356,384
881042,1098,homefocus.ie,ie,358,591,homefocus.ie,ie,879269,1103,358,596
881263,1099,handyhaulage.ie,ie,358,498,handyhaulage.ie,ie,894310,1124,354,493
881330,1100,aviationcourses.ie,ie,358,482,aviationcourses.ie,ie,884221,1108,357,479
881374,1101,supermacs.ie,ie,358,472,supermacs.ie,ie,860262,1080,363,473
882177,1102,mapi.ie,ie,358,411,mapi.ie,ie,877142,1101,359,413
882753,1103,odonnell-tuomey.ie,ie,358,395,odonnell-tuomey.ie,ie,878051,1102,359,390
884285,1104,kian.ie,ie,357,630,kian.ie,ie,887204,1115,356,634
884794,1105,yourmentalhealth.ie,ie,357,454,yourmentalhealth.ie,ie,871091,1093,360,454
884873,1106,guides.ie,ie,357,447,guides.ie,ie,908722,1137,350,447
885393,1107,airfield.ie,ie,357,413,airfield.ie,ie,880981,1106,358,412
885912,1108,indi.ie,ie,357,398,indi.ie,ie,892199,1122,355,397
886341,1109,istructe.ie,ie,357,388,istructe.ie,ie,903183,1134,352,382
888340,1110,budgettravel.ie,ie,356,431,budgettravel.ie,ie,876812,1099,359,433
888414,1111,thinkbusiness.ie,ie,356,426,thinkbusiness.ie,ie,912783,1143,349,414
888463,1112,westmeathcoco.ie,ie,356,423,westmeathcoco.ie,ie,880786,1105,358,421
888759,1113,ics.ie,ie,356,409,ics.ie,ie,898723,1131,353,406
889593,1114,gogartys.ie,ie,356,388,gogartys.ie,ie,895793,1125,354,392
890059,1115,copegalway.ie,ie,356,380,copegalway.ie,ie,903701,1135,352,373
891750,1116,ledvillecastle.ie,ie,355,424,ledvillecastle.ie,ie,888215,1117,356,422
891765,1117,citizensinformationboard.ie,ie,355,423,citizensinformationboard.ie,ie,884893,1112,357,420
891797,1118,equality.ie,ie,355,421,equality.ie,ie,871567,1095,360,419
891827,1119,militaryarchives.ie,ie,355,419,militaryarchives.ie,ie,898453,1130,353,417
892221,1120,biker.ie,ie,355,403,biker.ie,ie,881029,1107,358,410
892342,1121,galwaycitymuseum.ie,ie,355,399,galwaycitymuseum.ie,ie,892479,1123,355,391
892492,1122,dublinpride.ie,ie,355,395,dublinpride.ie,ie,895974,1126,354,388
892670,1123,falconholidays.ie,ie,355,391,falconholidays.ie,ie,868307,1091,361,395
894493,1124,tractorspares.ie,ie,354,473,tractorspares.ie,ie,880154,1104,358,485
895181,1125,usi.ie,ie,354,412,usi.ie,ie,888581,1119,356,406
895285,1126,daa.ie,ie,354,408,daa.ie,ie,885097,1113,357,409
895854,1127,connachtfleadh.ie,ie,354,392,connachtfleadh.ie,ie,913373,1146,349,393
896780,1128,elara.ie,ie,354,375,elara.ie,ie,886400,1114,357,379
898320,1129,tipperarycoco.ie,ie,353,430,tipperarycoco.ie,ie,898232,1127,353,432
898446,1130,vistaprint.ie,ie,353,422,vistaprint.ie,ie,876886,1100,359,428
898636,1131,gatetheatre.ie,ie,353,411,gatetheatre.ie,ie,909374,1139,350,405
899822,1132,everythingit.ie,ie,353,381,everythingit.ie,ie,889597,1121,356,383
901366,1133,loveholidays.ie,ie,352,457,loveholidays.ie,ie,915931,1147,348,458
901678,1134,cogsthebrainshop.ie,ie,352,429,cogsthebrainshop.ie,ie,871298,1094,360,436
901765,1135,scouts.ie,ie,352,423,scouts.ie,ie,898363,1129,353,422
901848,1136,lauralynn.ie,ie,352,418,lauralynn.ie,ie,909144,1138,350,417
902611,1137,dylan.ie,ie,352,392,dylan.ie,ie,920987,1159,347,384
905204,1138,sligococo.ie,ie,351,424,sligococo.ie,ie,916348,1148,348,421
906135,1139,morganmckinley.ie,ie,351,390,morganmckinley.ie,ie,924805,1166,346,381
908197,1140,locanto.ie,ie,350,468,locanto.ie,ie,904945,1136,351,470
908233,1141,diveatlantic.ie,ie,350,462,diveatlantic.ie,ie,884251,1109,357,473
908503,1142,waltons.ie,ie,350,435,waltons.ie,ie,901713,1132,352,432
908958,1143,ebs.ie,ie,350,407,ebs.ie,ie,927574,1172,345,406
909725,1144,stvincents.ie,ie,350,385,stvincents.ie,ie,917533,1150,348,381
910297,1145,solarsigns.ie,ie,350,375,solarsigns.ie,ie,910685,1141,350,375
912357,1146,live95fm.ie,ie,349,406,live95fm.ie,ie,888580,1118,356,406
912768,1147,alcoholireland.ie,ie,349,393,alcoholireland.ie,ie,924280,1165,346,393
913015,1148,keaneyinsurance.ie,ie,349,387,keaneyinsurance.ie,ie,902817,1133,352,389
914786,1149,partyworld.ie,ie,348,557,partyworld.ie,ie,922897,1161,346,561
914838,1150,ezliving-interiors.ie,ie,348,529,ezliving-interiors.ie,ie,919186,1153,347,539
915264,1151,mhandp.ie,ie,348,444,mhandp.ie,ie,887829,1116,356,452
916115,1152,waterford-news.ie,ie,348,397,waterford-news.ie,ie,920462,1157,347,397
916280,1153,asai.ie,ie,348,392,asai.ie,ie,920627,1158,347,392
916571,1154,brotherhubbard.ie,ie,348,385,brotherhubbard.ie,ie,935723,1179,343,380
918975,1155,civictheatre.ie,ie,347,430,civictheatre.ie,ie,898247,1128,353,430
919250,1156,strandhotellimerick.ie,ie,347,413,strandhotellimerick.ie,ie,949529,1198,339,408
919658,1157,tii.ie,ie,347,396,tii.ie,ie,916819,1149,348,398
919819,1158,clrg.ie,ie,347,392,clrg.ie,ie,938877,1182,342,390
922536,1159,prettylittlething.ie,ie,346,450,prettylittlething.ie,ie,923384,1163,346,444
923048,1160,ladiesgaelic.ie,ie,346,411,ladiesgaelic.ie,ie,920142,1154,347,410
923638,1161,myinfo.ie,ie,346,391,myinfo.ie,ie,913333,1145,349,394
924302,1162,ballybuniongolfclub.ie,ie,346,377,ballybuniongolfclub.ie,ie,925100,1167,346,376
924303,1163,dermotcaseyhireandsales.ie,ie,346,377,dermotcaseyhireandsales.ie,ie,925157,1168,346,375
924479,1164,waterfordlive.ie,ie,346,374,waterfordlive.ie,ie,917713,1151,348,378
927318,1165,dodublin.ie,ie,345,411,dodublin.ie,ie,927415,1171,345,414
927481,1166,alcoholicsanonymous.ie,ie,345,403,alcoholicsanonymous.ie,ie,957149,1209,337,395
928580,1167,kila.ie,ie,345,375,kila.ie,ie,925226,1169,346,374
931881,1168,roadstone.ie,ie,344,419,roadstone.ie,ie,975749,1236,332,415
931988,1169,dogstrust.ie,ie,344,413,dogstrust.ie,ie,920249,1155,347,405
932985,1170,domainregistry.ie,ie,344,380,domainregistry.ie,ie,910094,1140,350,385
933709,1171,leecommunications.ie,ie,344,368,leecommunications.ie,ie,929241,1173,345,368
936340,1172,irishtv.ie,ie,343,417,irishtv.ie,ie,931120,1175,344,414
936367,1173,nwci.ie,ie,343,415,nwci.ie,ie,912846,1144,349,410
936464,1174,checktheregister.ie,ie,343,409,checktheregister.ie,ie,949494,1197,339,410
936652,1175,adidas.ie,ie,343,399,adidas.ie,ie,942317,1186,341,400
937218,1176,eva.ie,ie,343,383,eva.ie,ie,935674,1178,343,381
939642,1177,nutjob.ie,ie,342,497,nutjob.ie,ie,923039,1162,346,504
940417,1178,enableireland.ie,ie,342,412,enableireland.ie,ie,923825,1164,346,412
940493,1179,specsavers.ie,ie,342,407,specsavers.ie,ie,949614,1199,339,403
941020,1180,mariekeating.ie,ie,342,387,mariekeating.ie,ie,938995,1183,342,387
941021,1181,q102.ie,ie,342,387,q102.ie,ie,938834,1181,342,391
941098,1182,ionadnp.ie,ie,342,385,ionadnp.ie,ie,946491,1192,340,383
941466,1183,mater.ie,ie,342,377,mater.ie,ie,950539,1201,339,375
941516,1184,myclubshop.ie,ie,342,376,myclubshop.ie,ie,921036,1160,347,383
943395,1185,debszone.ie,ie,341,530,debszone.ie,ie,956097,1206,337,526
944264,1186,irishheritage.ie,ie,341,407,irishheritage.ie,ie,942215,1185,341,405
944332,1187,cnag.ie,ie,341,404,cnag.ie,ie,956990,1208,337,403
944980,1188,boxtyhouse.ie,ie,341,383,boxtyhouse.ie,ie,946624,1194,340,380
945632,1189,fortunecook.ie,ie,341,370,fortunecook.ie,ie,917927,1152,348,375
947282,1190,traleetoday.ie,ie,340,485,traleetoday.ie,ie,912124,1142,349,482
947433,1191,ecocleansolutions.ie,ie,340,461,ecocleansolutions.ie,ie,952693,1203,338,458
947841,1192,childline.ie,ie,340,418,childline.ie,ie,964279,1219,335,413
948095,1193,dyslexia.ie,ie,340,403,dyslexia.ie,ie,934983,1176,343,401
948201,1194,carhire.ie,ie,340,398,carhire.ie,ie,949704,1200,339,399
948970,1195,ahead.ie,ie,340,377,ahead.ie,ie,957783,1211,337,376
950860,1196,newcastledesign.ie,ie,339,559,newcastledesign.ie,ie,956056,1205,337,562
951475,1197,focal.ie,ie,339,423,focal.ie,ie,927236,1170,345,426
951550,1198,blueinsurance.ie,ie,339,418,blueinsurance.ie,ie,930938,1174,344,426
952287,1199,inec.ie,ie,339,384,inec.ie,ie,935500,1177,343,385
952524,1200,doolinhostel.ie,ie,339,378,doolinhostel.ie,ie,935827,1180,343,378
952700,1201,firstfortnight.ie,ie,339,375,firstfortnight.ie,ie,943196,1188,341,375
954515,1202,walldecals.ie,ie,338,598,walldecals.ie,ie,963523,1218,335,604
954817,1203,gsgconstruction.ie,ie,338,462,gsgconstruction.ie,ie,948983,1196,339,459
954972,1204,thisisgalway.ie,ie,338,436,thisisgalway.ie,ie,956496,1207,337,438
955061,1205,traveldepartment.ie,ie,338,429,traveldepartment.ie,ie,960255,1214,336,430
955169,1206,millstreet.ie,ie,338,422,millstreet.ie,ie,971815,1232,333,418
955959,1207,mondellopark.ie,ie,338,383,mondellopark.ie,ie,965006,1221,335,381
956081,1208,royalmarine.ie,ie,338,380,royalmarine.ie,ie,946492,1193,340,383
956279,1209,irishaid.gov.ie,ie,338,376,irishaid.gov.ie,ie,980755,1242,331,369
956474,1210,celticthunder.ie,ie,338,372,celticthunder.ie,ie,965608,1224,335,368
957292,1211,barnacles.ie,ie,338,360,barnacles.ie,ie,958599,1213,337,362
958648,1212,irelandsown.ie,ie,337,442,irelandsown.ie,ie,941643,1184,341,448
959235,1213,nearfm.ie,ie,337,399,nearfm.ie,ie,945985,1190,340,399
959577,1214,brigitsgarden.ie,ie,337,387,brigitsgarden.ie,ie,960939,1216,336,389
959783,1215,futurehouse.ie,ie,337,381,futurehouse.ie,ie,957594,1210,337,381
960557,1216,mccanns.ie,ie,337,366,mccanns.ie,ie,981077,1243,331,363
960910,1217,dublinfestivalofhistory.ie,ie,337,361,dublinfestivalofhistory.ie,ie,947756,1195,340,361
963308,1218,dubsimon.ie,ie,336,389,dubsimon.ie,ie,964762,1220,335,389
963852,1219,beechwooddental.ie,ie,336,375,beechwooddental.ie,ie,953955,1204,338,379
964582,1220,keepfit.ie,ie,336,362,keepfit.ie,ie,958449,1212,337,364
965918,1221,tiles.ie,ie,335,516,tiles.ie,ie,996583,1259,327,513
966251,1222,gokerry.ie,ie,335,440,gokerry.ie,ie,-1,-1,-1,-1
967202,1223,epilepsy.ie,ie,335,386,epilepsy.ie,ie,972412,1234,333,385
967264,1224,cer.ie,ie,335,384,cer.ie,ie,961175,1217,336,382
967451,1225,irishseedsavers.ie,ie,335,379,irishseedsavers.ie,ie,965150,1222,335,378
968713,1226,short.ie,ie,335,358,short.ie,ie,970134,1231,334,357
968913,1227,rog.ie,ie,335,355,rog.ie,ie,974268,1235,333,352
969985,1228,gifts.ie,ie,334,477,gifts.ie,ie,-1,-1,-1,-1
970911,1229,mountainviews.ie,ie,334,392,mountainviews.ie,ie,980038,1241,331,389
971380,1230,danodonoghue.ie,ie,334,378,danodonoghue.ie,ie,968896,1228,334,378
971676,1231,sheenfallslodge.ie,ie,334,371,sheenfallslodge.ie,ie,977089,1238,332,367
972301,1232,stpatricksday.ie,ie,334,360,stpatricksday.ie,ie,965917,1225,335,363
972386,1233,premiumdomains.ie,ie,334,359,premiumdomains.ie,ie,970052,1230,334,358
974331,1234,ncse.ie,ie,333,414,ncse.ie,ie,945571,1189,340,425
974554,1235,vikingdirect.ie,ie,333,400,vikingdirect.ie,ie,968322,1226,334,398
975381,1236,dingledistillery.ie,ie,333,373,dingledistillery.ie,ie,-1,-1,-1,-1
975561,1237,restaurantpatrickguilbaud.ie,ie,333,369,restaurantpatrickguilbaud.ie,ie,993644,1257,328,361
975768,1238,danskebank.ie,ie,333,365,danskebank.ie,ie,951124,1202,339,365
977575,1239,guineys.ie,ie,332,494,guineys.ie,ie,866549,1090,361,529
977841,1240,publin.ie,ie,332,441,publin.ie,ie,979398,1240,331,434
978288,1241,fields.ie,ie,332,403,fields.ie,ie,960570,1215,336,407
978409,1242,towerrecords.ie,ie,332,397,towerrecords.ie,ie,976052,1237,332,398
978662,1243,humanrights.ie,ie,332,387,humanrights.ie,ie,972320,1233,333,388
978725,1244,pmvtrust.ie,ie,332,385,pmvtrust.ie,ie,983950,1244,330,387
978951,1245,gui.ie,ie,332,378,gui.ie,ie,988362,1248,329,375
982929,1246,oxygen.ie,ie,331,377,oxygen.ie,ie,946450,1191,340,384
983022,1247,trivago.ie,ie,331,375,trivago.ie,ie,942848,1187,341,382
983062,1248,sseairtricitydublinmarathon.ie,ie,331,374,sseairtricitydublinmarathon.ie,ie,988529,1250,329,371
983309,1249,cic.ie,ie,331,369,cic.ie,ie,969213,1229,334,371
983310,1250,purecork.ie,ie,331,369,purecork.ie,ie,-1,-1,-1,-1
986307,1251,roscommoncoco.ie,ie,330,402,roscommoncoco.ie,ie,-1,-1,-1,-1
987152,1252,renault.ie,ie,330,372,renault.ie,ie,-1,-1,-1,-1
987890,1253,buttonfactory.ie,ie,330,359,buttonfactory.ie,ie,-1,-1,-1,-1
988514,1254,gazeta.ie,ie,330,351,gazeta.ie,ie,989778,1252,329,352
989572,1255,murph.ie,ie,329,508,murph.ie,ie,979068,1239,331,504
990632,1256,atlantipedia.ie,ie,329,385,atlantipedia.ie,ie,-1,-1,-1,-1
991113,1257,kettleshotel.ie,ie,329,371,kettleshotel.ie,ie,-1,-1,-1,-1
991424,1258,oakrecruitment.ie,ie,329,365,oakrecruitment.ie,ie,984769,1246,330,366
994500,1259,iwa.ie,ie,328,386,iwa.ie,ie,997648,1260,327,382
994807,1260,guidedogs.ie,ie,328,376,guidedogs.ie,ie,-1,-1,-1,-1
994906,1261,culch.ie,ie,328,373,culch.ie,ie,984253,1245,330,377
994907,1262,longitude.ie,ie,328,373,longitude.ie,ie,965457,1223,335,371
999504,1263,philips.ie,ie,327,361,philips.ie,ie,985058,1247,330,361
999684,1264,elywinebar.ie,ie,327,358,elywinebar.ie,ie,-1,-1,-1,-1
